rank,label,display_label,model,thinking_level,barrage_profile,accuracy_pct,accuracy_ci_95,answer_accuracy_pct,format_accuracy_pct,strict_accuracy_pct,obvious_failure_rate_pct,correct,answer_correct,format_correct,strict_correct,scored_samples,provider_errors,timeouts,total_tokens,total_tokens_display,estimated_cost_usd,cost_per_correct_usd,tokens_per_correct,overthinking_index,reasoning_token_source,cost_warnings,summary_dir
1,Qwen: Qwen3.7 Max,Qwen: Qwen3.7 Max (thinking=max),openrouter/qwen/qwen3.7-max,thinking=max,hard_obvious_8x28_seed_20260531,100.0,98.3-100.0%,100.0,100.0,100.0,0.0,224,224,224,224,224,0,0,23108,23.11k,0.075883,0.000339,103,0.97,reported,,results/summaries/paper-v1-8x28-current-222-20260602-keyed/runs/expand222-next-067-registry-openrouter-178-qwen-qwen3-7-max
2,OpenAI GPT-5.5 low,OpenAI GPT-5.5 low (thinking=low),openai/gpt-5.5,thinking=low,hard_obvious_8x28_seed_20260531,100.0,98.3-100.0%,100.0,100.0,100.0,0.0,224,224,224,224,224,0,0,7774,7.77k,0.13922,0.00062152,35,0.84,reported,,results/summaries/paper-v1-8x28-current-222-20260602-keyed/runs/expand222-top-thinking-002-openai-gpt-5-5-low
3,OpenAI GPT-5.5 xhigh,OpenAI GPT-5.5 xhigh (thinking=xhigh),openai/gpt-5.5,thinking=xhigh,hard_obvious_8x28_seed_20260531,100.0,98.3-100.0%,100.0,100.0,100.0,0.0,224,224,224,224,224,0,0,15946,15.95k,0.38438,0.00171598,71,0.95,reported,,results/summaries/paper-v1-8x28-current-222-20260602-keyed/runs/expand222-top-thinking-005-openai-gpt-5-5-xhigh
4,Gemini 3 Flash Preview,Gemini 3 Flash Preview (provider default),google/gemini-3-flash-preview,provider default,hard_obvious_8x28_seed_20260531,99.6,97.5-99.9%,99.6,100.0,99.6,0.4,223,223,224,223,224,0,0,18573,18.57k,0.046846,0.00021,83,95.31,reported,,results/summaries/paper-v1-8x28-current-222-20260602-keyed/runs/expand222-next-060-registry-gemini-3-flash-preview
5,MoonshotAI: Kimi K2.6,MoonshotAI: Kimi K2.6 (provider default),openrouter/moonshotai/kimi-k2.6,provider default,hard_obvious_8x28_seed_20260531,99.6,97.5-99.9%,99.6,100.0,99.6,0.4,223,223,224,223,224,0,0,22112,22.11k,0.064572,0.00029,99,0.94,reported,,results/summaries/paper-v1-8x28-current-222-20260602-keyed/runs/expand222-next-065-registry-openrouter-164-moonshotai-kimi-k2-6
6,OpenAI GPT-5.5 low,OpenAI GPT-5.5 low (thinking=low/none),openai/gpt-5.5,thinking=low/none,hard_obvious_8x28_seed_20260531,99.6,97.5-99.9%,99.6,100.0,99.6,0.4,223,223,224,223,224,0,0,7718,7.72k,0.13754,0.00061677,35,0.84,reported,,results/summaries/paper-v1-8x28-current-222-20260602-keyed/runs/expand222-next-085-registry-openai-gpt-5-5-low
7,OpenAI GPT-5.5 medium,OpenAI GPT-5.5 medium (thinking=medium),openai/gpt-5.5,thinking=medium,hard_obvious_8x28_seed_20260531,99.6,97.5-99.9%,99.6,100.0,99.6,0.4,223,223,224,223,224,0,0,8042,8.04k,0.14726,0.00066036,36,0.85,reported,,results/summaries/paper-v1-8x28-current-222-20260602-keyed/runs/expand222-top-thinking-003-openai-gpt-5-5-medium
8,OpenAI GPT-5.5 high,OpenAI GPT-5.5 high (thinking=high),openai/gpt-5.5,thinking=high,hard_obvious_8x28_seed_20260531,99.6,97.5-99.9%,99.6,100.0,99.6,0.4,223,223,224,223,224,0,0,10105,10.11k,0.20915,0.00093789,45,0.90,reported,,results/summaries/paper-v1-8x28-current-222-20260602-keyed/runs/expand222-top-thinking-004-openai-gpt-5-5-high
9,Google: Gemini 3.1 Pro Preview Custom Tools high,Google: Gemini 3.1 Pro Preview Custom Tools high (thinking=high),openrouter/google/gemini-3.1-pro-preview-customtools,thinking=high,hard_obvious_8x28_seed_20260531,99.6,97.5-99.9%,99.6,100.0,99.6,0.4,223,223,224,223,224,0,0,22023,22.02k,0.228786,0.00102595,99,0.99,reported,,results/summaries/paper-v1-8x28-current-222-20260602-keyed/runs/expand222-top-thinking-033-openrouter-google-gemini-3-1-pro-preview-customtools-high
10,Claude Sonnet 4.6 max,Claude Sonnet 4.6 max (thinking=max),anthropic/claude-sonnet-4-6,thinking=max,hard_obvious_8x28_seed_20260531,99.6,97.5-99.9%,99.6,84.8,84.4,0.4,223,223,190,189,224,0,0,29581,29.58k,0.314811,0.00141171,133,0.82,reported,,results/summaries/paper-v1-8x28-current-222-20260602-keyed/runs/expand222-top-thinking-019-anthropic-claude-sonnet-4-6-max
11,MoonshotAI: Kimi K2.5,MoonshotAI: Kimi K2.5 (provider default),openrouter/moonshotai/kimi-k2.5,provider default,hard_obvious_8x28_seed_20260531,99.1,96.8-99.8%,99.1,100.0,99.1,0.9,222,222,224,222,224,0,0,21418,21.42k,0.034297,0.000154,96,0.97,reported,,results/summaries/paper-v1-8x28-current-222-20260602-keyed/runs/expand222-next-049-registry-openrouter-169-moonshotai-kimi-k2-5
12,Google: Gemini 3.5 Flash low,Google: Gemini 3.5 Flash low (thinking=low),openrouter/google/gemini-3.5-flash,thinking=low,hard_obvious_8x28_seed_20260531,99.1,96.8-99.8%,99.1,100.0,99.1,0.9,222,222,224,222,224,0,0,14555,14.55k,0.1050075,0.00047301,66,0.99,reported,,results/summaries/paper-v1-8x28-current-222-20260602-keyed/runs/expand222-top-thinking-029-openrouter-google-gemini-3-5-flash-low
13,Qwen: Qwen3.6 Max Preview,Qwen: Qwen3.6 Max Preview (thinking=max),openrouter/qwen/qwen3.6-max-preview,thinking=max,hard_obvious_8x28_seed_20260531,99.1,96.8-99.8%,99.1,100.0,99.1,0.9,222,222,224,222,224,0,0,34743,34.74k,0.19439,0.000876,156,0.98,reported,,results/summaries/paper-v1-8x28-current-222-20260602-keyed/runs/expand222-next-071-registry-openrouter-179-qwen-qwen3-6-max-preview
14,OpenAI GPT-5.4 xhigh,OpenAI GPT-5.4 xhigh (thinking=xhigh),openai/gpt-5.4,thinking=xhigh,hard_obvious_8x28_seed_20260531,99.1,96.8-99.8%,99.1,100.0,99.1,0.9,222,222,224,222,224,0,0,20190,20.19k,0.25585,0.00115248,91,0.96,reported,,results/summaries/paper-v1-8x28-current-222-20260602-keyed/runs/expand222-top-thinking-010-openai-gpt-5-4-xhigh
15,DeepSeek: DeepSeek V4 Pro,DeepSeek: DeepSeek V4 Pro (provider default),openrouter/deepseek/deepseek-v4-pro,provider default,hard_obvious_8x28_seed_20260531,98.7,96.1-99.5%,98.7,94.2,92.9,1.3,221,221,211,208,224,0,0,22466,22.47k,0.016219,0.000073,102,0.95,reported,,results/summaries/paper-v1-8x28-current-222-20260602-keyed/runs/expand222-scaled-079-openrouter-125-deepseek-deepseek-v4-pro
16,Tencent: Hy3 preview,Tencent: Hy3 preview (provider default),openrouter/tencent/hy3-preview,provider default,hard_obvious_8x28_seed_20260531,98.7,96.1-99.5%,98.7,100.0,98.7,1.3,221,221,224,221,224,0,0,98006,98.01k,0.019445,0.000088,443,0.84,reported,,results/summaries/paper-v1-8x28-current-222-20260602-keyed/runs/expand222-scaled-038-openrouter-126-tencent-hy3-preview
17,Qwen: Qwen3 30B A3B,Qwen: Qwen3 30B A3B (provider default),openrouter/qwen/qwen3-30b-a3b,provider default,hard_obvious_8x28_seed_20260531,98.7,96.1-99.5%,98.7,100.0,98.7,1.3,221,221,224,221,224,0,0,62726,62.73k,0.025618,0.000116,284,0.89,reported,,results/summaries/paper-v1-8x28-current-222-20260602-keyed/runs/expand222-scaled-061-openrouter-057-qwen-qwen3-30b-a3b
18,Google: Gemini 3.1 Flash Lite high,Google: Gemini 3.1 Flash Lite high (thinking=high),openrouter/google/gemini-3.1-flash-lite,thinking=high,hard_obvious_8x28_seed_20260531,98.7,96.1-99.5%,98.7,100.0,98.7,1.3,221,221,224,221,224,0,0,31118,31.12k,0.042292,0.00019137,141,0.99,reported,,results/summaries/paper-v1-8x28-current-222-20260602-keyed/runs/expand222-top-thinking-037-openrouter-google-gemini-3-1-flash-lite-high
19,Qwen: Qwen3.5 397B A17B,Qwen: Qwen3.5 397B A17B (provider default),openrouter/qwen/qwen3.5-397b-a17b,provider default,hard_obvious_8x28_seed_20260531,98.7,96.1-99.5%,98.7,100.0,98.7,1.3,221,221,224,221,224,0,0,37862,37.86k,0.080195,0.000363,171,0.95,reported,,results/summaries/paper-v1-8x28-current-222-20260602-keyed/runs/expand222-next-055-registry-openrouter-091-qwen-qwen3-5-397b-a17b
20,Google: Gemini 3.1 Pro Preview Custom Tools low,Google: Gemini 3.1 Pro Preview Custom Tools low (thinking=low),openrouter/google/gemini-3.1-pro-preview-customtools,thinking=low,hard_obvious_8x28_seed_20260531,98.7,96.1-99.5%,98.7,100.0,98.7,1.3,221,221,224,221,224,0,0,16698,16.70k,0.164886,0.00074609,76,0.99,reported,,results/summaries/paper-v1-8x28-current-222-20260602-keyed/runs/expand222-top-thinking-032-openrouter-google-gemini-3-1-pro-preview-customtools-low
21,Google: Gemini 3.5 Flash medium,Google: Gemini 3.5 Flash medium (thinking=medium),openrouter/google/gemini-3.5-flash,thinking=medium,hard_obvious_8x28_seed_20260531,98.7,96.1-99.5%,98.7,100.0,98.7,1.3,221,221,224,221,224,0,0,21478,21.48k,0.1673145,0.00075708,97,0.99,reported,,results/summaries/paper-v1-8x28-current-222-20260602-keyed/runs/expand222-top-thinking-030-openrouter-google-gemini-3-5-flash-medium
22,Grok 4.3,Grok 4.3 (provider default),grok/grok-4.3,provider default,hard_obvious_8x28_seed_20260531,98.7,96.1-99.5%,98.7,67.4,66.1,1.3,221,221,151,148,224,0,0,108334,108.33k,0.182911,0.000828,490,15.14,reported,,results/summaries/paper-v1-8x28-current-222-20260602-repair3-xai-grok/runs/expand222-paper-grok-4-3
23,Google: Gemini 3.5 Flash high,Google: Gemini 3.5 Flash high (thinking=high),openrouter/google/gemini-3.5-flash,thinking=high,hard_obvious_8x28_seed_20260531,98.7,96.1-99.5%,98.7,100.0,98.7,1.3,221,221,224,221,224,0,0,23696,23.70k,0.1872765,0.0008474,107,0.99,reported,,results/summaries/paper-v1-8x28-current-222-20260602-keyed/runs/expand222-top-thinking-031-openrouter-google-gemini-3-5-flash-high
24,Google: Gemini 3.1 Flash Lite medium,Google: Gemini 3.1 Flash Lite medium (thinking=medium),openrouter/google/gemini-3.1-flash-lite,thinking=medium,hard_obvious_8x28_seed_20260531,98.2,95.5-99.3%,98.2,100.0,98.2,1.8,220,220,224,220,224,0,0,16038,16.04k,0.01968075,0.00008946,73,0.99,reported,,results/summaries/paper-v1-8x28-current-222-20260602-keyed/runs/expand222-top-thinking-036-openrouter-google-gemini-3-1-flash-lite-medium
25,OpenAI GPT-5.4 mini high,OpenAI GPT-5.4 mini high (thinking=high),openai/gpt-5.4-mini,thinking=high,hard_obvious_8x28_seed_20260531,98.2,95.5-99.3%,98.2,100.0,98.2,1.8,220,220,224,220,224,0,0,18215,18.21k,0.056775,0.00025807,83,0.89,reported,,results/summaries/paper-v1-8x28-current-222-20260602-keyed/runs/expand222-overline-005-openai-gpt-5-4-mini-high
26,OpenAI GPT-5.4 medium,OpenAI GPT-5.4 medium (thinking=medium),openai/gpt-5.4,thinking=medium,hard_obvious_8x28_seed_20260531,98.2,95.5-99.3%,98.2,100.0,98.2,1.8,220,220,224,220,224,0,0,8100,8.10k,0.0745,0.00033864,37,0.85,reported,,results/summaries/paper-v1-8x28-current-222-20260602-keyed/runs/expand222-top-thinking-008-openai-gpt-5-4-medium
27,Qwen: Qwen3 VL 235B A22B Thinking,Qwen: Qwen3 VL 235B A22B Thinking (model-named thinking),openrouter/qwen/qwen3-vl-235b-a22b-thinking,model-named thinking,hard_obvious_8x28_seed_20260531,98.2,95.5-99.3%,98.2,100.0,98.2,1.8,220,220,224,220,224,0,0,63894,63.89k,0.156432,0.000711,290,0.99,reported,,results/summaries/paper-v1-8x28-current-222-20260602-keyed/runs/expand222-next-057-registry-openrouter-124-qwen-qwen3-vl-235b-a22b-thinking
28,OpenAI GPT-5.4 mini xhigh,OpenAI GPT-5.4 mini xhigh (thinking=xhigh),openai/gpt-5.4-mini,thinking=xhigh,hard_obvious_8x28_seed_20260531,98.2,95.5-99.3%,98.2,100.0,98.2,1.8,220,220,224,220,224,0,0,42483,42.48k,0.165981,0.00075446,193,0.97,reported,,results/summaries/paper-v1-8x28-current-222-20260602-keyed/runs/expand222-overline-007-openai-gpt-5-4-mini-xhigh
29,Claude Opus 4.8 max,Claude Opus 4.8 max (thinking=max),anthropic/claude-opus-4-8,thinking=max,hard_obvious_8x28_seed_20260531,98.2,95.5-99.3%,98.2,97.8,96.0,1.8,220,220,219,215,224,0,0,21331,21.33k,0.254035,0.0011547,97,0.83,reported,,results/summaries/paper-v1-8x28-current-222-20260602-keyed/runs/expand222-top-thinking-015-anthropic-claude-opus-4-8-max
30,OpenAI GPT-5 nano medium,OpenAI GPT-5 nano medium (thinking=medium),openai/gpt-5-nano,thinking=medium,hard_obvious_8x28_seed_20260531,97.8,94.9-99.0%,97.8,100.0,97.8,2.2,219,219,224,219,224,0,0,38976,38.98k,0.0142744,0.00006518,178,0.90,reported,,results/summaries/paper-v1-8x28-current-222-20260602-keyed/runs/expand222-next-090-thinking-openai-gpt-5-nano-medium
31,StepFun: Step 3.5 Flash,StepFun: Step 3.5 Flash (provider default),openrouter/stepfun/step-3.5-flash,provider default,hard_obvious_8x28_seed_20260531,97.8,94.9-99.0%,97.8,100.0,97.8,2.2,219,219,224,219,224,0,0,89478,89.48k,0.02525,0.000115,409,0.98,reported,,results/summaries/paper-v1-8x28-current-222-20260602-keyed/runs/expand222-scaled-044-openrouter-032-stepfun-step-3-5-flash
32,Gemini 2.5 Flash,Gemini 2.5 Flash (provider default),google/gemini-2.5-flash,provider default,hard_obvious_8x28_seed_20260531,97.8,94.9-99.0%,97.8,87.5,85.7,2.2,219,219,196,192,224,0,0,20840,20.84k,0.044292,0.000202,95,49.56,reported,,results/summaries/paper-v1-8x28-current-222-20260602-keyed/runs/expand222-next-056-registry-gemini-2-5-flash
33,Z.ai: GLM 4.7,Z.ai: GLM 4.7 (provider default),openrouter/z-ai/glm-4.7,provider default,hard_obvious_8x28_seed_20260531,97.8,94.9-99.0%,97.8,88.8,86.6,2.2,219,219,199,194,224,0,0,44644,44.64k,0.068968,0.000315,204,0.98,reported,,results/summaries/paper-v1-8x28-current-222-20260602-keyed/runs/expand222-scaled-094-openrouter-131-z-ai-glm-4-7
34,Qwen: Qwen3.5-122B-A10B,Qwen: Qwen3.5-122B-A10B (provider default),openrouter/qwen/qwen3.5-122b-a10b,provider default,hard_obvious_8x28_seed_20260531,97.8,94.9-99.0%,97.8,99.6,97.8,2.2,219,219,223,219,224,0,0,38980,38.98k,0.073236,0.000334,178,0.96,reported,,results/summaries/paper-v1-8x28-current-222-20260602-keyed/runs/expand222-next-050-registry-openrouter-089-qwen-qwen3-5-122b-a10b
35,Qwen: Qwen3.6 Plus,Qwen: Qwen3.6 Plus (provider default),openrouter/qwen/qwen3.6-plus,provider default,hard_obvious_8x28_seed_20260531,97.8,94.9-99.0%,97.8,100.0,97.8,2.2,219,219,224,219,224,0,0,41328,41.33k,0.073587,0.000336,189,0.98,reported,,results/summaries/paper-v1-8x28-current-222-20260602-keyed/runs/expand222-next-048-registry-openrouter-166-qwen-qwen3-6-plus
36,Z.ai: GLM 5.1,Z.ai: GLM 5.1 (provider default),openrouter/z-ai/glm-5.1,provider default,hard_obvious_8x28_seed_20260531,97.8,94.9-99.0%,97.8,100.0,97.8,2.2,219,219,224,219,224,0,0,35022,35.02k,0.09988,0.000456,160,0.98,reported,,results/summaries/paper-v1-8x28-current-222-20260602-keyed/runs/expand222-next-063-registry-openrouter-128-z-ai-glm-5-1
37,OpenAI GPT-5.4 high,OpenAI GPT-5.4 high (thinking=high),openai/gpt-5.4,thinking=high,hard_obvious_8x28_seed_20260531,97.8,94.9-99.0%,97.8,100.0,97.8,2.2,219,219,224,219,224,0,0,9829,9.83k,0.100435,0.00045861,45,0.89,reported,,results/summaries/paper-v1-8x28-current-222-20260602-keyed/runs/expand222-top-thinking-009-openai-gpt-5-4-high
38,Qwen: Qwen3 235B A22B,Qwen: Qwen3 235B A22B (provider default),openrouter/qwen/qwen3-235b-a22b,provider default,hard_obvious_8x28_seed_20260531,97.8,94.9-99.0%,97.8,97.8,96.0,2.2,219,219,219,215,224,0,0,73769,73.77k,0.124564,0.000569,337,0.97,reported,,results/summaries/paper-v1-8x28-current-222-final-20260602/cumulative-cost-runs/expand222-scaled-096-openrouter-061-qwen-qwen3-235b-a22b
39,Prime Intellect: INTELLECT-3,Prime Intellect: INTELLECT-3 (provider default),openrouter/prime-intellect/intellect-3,provider default,hard_obvious_8x28_seed_20260531,97.8,94.9-99.0%,97.8,97.8,95.5,2.2,219,219,219,214,224,0,0,179362,179.36k,0.190823,0.000871,819,1.01,reported,,results/summaries/paper-v1-8x28-current-222-20260602-keyed/runs/expand222-scaled-087-openrouter-135-prime-intellect-intellect-3
40,Claude Sonnet 4.6 high,Claude Sonnet 4.6 high (thinking=high),anthropic/claude-sonnet-4-6,thinking=high,hard_obvious_8x28_seed_20260531,97.8,94.9-99.0%,97.8,87.5,85.3,2.2,219,219,196,191,224,0,0,22669,22.67k,0.211131,0.00096407,104,0.75,reported,,results/summaries/paper-v1-8x28-current-222-20260602-keyed/runs/expand222-top-thinking-018-anthropic-claude-sonnet-4-6-high
41,Qwen: Qwen3.5 Plus 2026-04-20,Qwen: Qwen3.5 Plus 2026-04-20 (provider default),openrouter/qwen/qwen3.5-plus-20260420,provider default,hard_obvious_8x28_seed_20260531,97.8,94.9-99.0%,97.8,100.0,97.8,2.2,219,219,224,219,224,0,0,122046,122.05k,0.213219,0.000974,557,1.00,reported,,results/summaries/paper-v1-8x28-current-222-20260602-keyed/runs/expand222-next-046-registry-openrouter-162-qwen-qwen3-5-plus-20260420
42,Z.ai: GLM 4.5,Z.ai: GLM 4.5 (provider default),openrouter/z-ai/glm-4.5,provider default,hard_obvious_8x28_seed_20260531,97.8,94.9-99.0%,97.8,88.4,86.2,2.2,219,219,198,193,224,0,0,122603,122.60k,0.257196,0.001174,560,0.99,reported,,results/summaries/paper-v1-8x28-current-222-20260602-keyed/runs/expand222-scaled-098-openrouter-146-z-ai-glm-4-5
43,NVIDIA: Nemotron 3 Super,NVIDIA: Nemotron 3 Super (provider default),openrouter/nvidia/nemotron-3-super-120b-a12b,provider default,hard_obvious_8x28_seed_20260531,97.3,94.3-98.8%,97.3,100.0,97.3,2.7,218,218,224,218,224,0,0,38,0.04k,0.000006,0,0,24.50,reported,,results/summaries/paper-v1-8x28-current-222-20260602-keyed/runs/expand222-scaled-060-openrouter-029-nvidia-nemotron-3-super-120b-a12b
44,Qwen: Qwen3 235B A22B Thinking 2507,Qwen: Qwen3 235B A22B Thinking 2507 (model-named thinking),openrouter/qwen/qwen3-235b-a22b-thinking-2507,model-named thinking,hard_obvious_8x28_seed_20260531,97.3,94.3-98.8%,97.3,100.0,97.3,2.7,218,218,224,218,224,0,0,102425,102.42k,0.010239,0.000047,470,0.97,reported,,results/summaries/paper-v1-8x28-current-222-20260602-keyed/runs/expand222-scaled-023-openrouter-118-qwen-qwen3-235b-a22b-thinking-2507
45,Xiaomi: MiMo-V2.5-Pro,Xiaomi: MiMo-V2.5-Pro (provider default),openrouter/xiaomi/mimo-v2.5-pro,provider default,hard_obvious_8x28_seed_20260531,97.3,94.3-98.8%,97.3,100.0,97.3,2.7,218,218,224,218,224,0,0,62499,62.50k,0.019374,0.000089,287,0.95,reported,,results/summaries/paper-v1-8x28-current-222-20260602-keyed/runs/expand222-scaled-080-openrouter-127-xiaomi-mimo-v2-5-pro
46,Qwen: Qwen3.6 Flash low_budget_512,Qwen: Qwen3.6 Flash low_budget_512 (thinking=low),openrouter/qwen/qwen3.6-flash,thinking=low,hard_obvious_8x28_seed_20260531,97.3,94.3-98.8%,97.3,100.0,97.3,2.7,218,218,224,218,224,0,0,34491,34.49k,0.034763,0.000159,158,0.98,reported,,results/summaries/paper-v1-8x28-current-222-20260602-keyed/runs/expand222-next-098-thinking-openrouter-qwen-qwen3-6-flash-low
47,OpenAI GPT-5.4 low,OpenAI GPT-5.4 low (thinking=low),openai/gpt-5.4,thinking=low,hard_obvious_8x28_seed_20260531,97.3,94.3-98.8%,97.3,100.0,97.3,2.7,218,218,224,218,224,0,0,6365,6.37k,0.048475,0.00022236,29,0.77,reported,,results/summaries/paper-v1-8x28-current-222-20260602-keyed/runs/expand222-top-thinking-007-openai-gpt-5-4-low
48,Z.ai: GLM 5 Turbo,Z.ai: GLM 5 Turbo (provider default),openrouter/z-ai/glm-5-turbo,provider default,hard_obvious_8x28_seed_20260531,97.3,94.3-98.8%,97.3,100.0,97.3,2.7,218,218,224,218,224,0,0,14876,14.88k,0.049166,0.000226,68,0.97,reported,,results/summaries/paper-v1-8x28-current-222-20260602-keyed/runs/expand222-next-068-registry-openrouter-180-z-ai-glm-5-turbo
49,MoonshotAI Kimi Latest,MoonshotAI Kimi Latest (provider default),openrouter/~moonshotai/kimi-latest,provider default,hard_obvious_8x28_seed_20260531,97.3,94.3-98.8%,97.3,100.0,97.3,2.7,218,218,224,218,224,0,0,23806,23.81k,0.070267,0.000322,109,0.90,reported,,results/summaries/paper-v1-8x28-current-222-20260602-keyed/runs/expand222-next-064-registry-openrouter-161-moonshotai-kimi-latest
50,NVIDIA: Llama 3.3 Nemotron Super 49B V1.5,NVIDIA: Llama 3.3 Nemotron Super 49B V1.5 (provider default),openrouter/nvidia/llama-3.3-nemotron-super-49b-v1.5,provider default,hard_obvious_8x28_seed_20260531,96.9,93.7-98.5%,96.9,99.6,96.4,3.1,217,217,223,216,224,0,0,33145,33.15k,0.011798,0.000054,153,0.89,reported,,results/summaries/paper-v1-8x28-current-222-20260602-keyed/runs/expand222-overline-001-openrouter-nvidia-llama-3-3-nemotron-super-49b-v1-5
51,MiniMax: MiniMax M3,MiniMax: MiniMax M3 (provider default),openrouter/minimax/minimax-m3,provider default,hard_obvious_8x28_seed_20260531,96.9,93.7-98.5%,96.9,100.0,96.9,3.1,217,217,224,217,224,0,0,67257,67.26k,0.029649,0.000137,310,0.90,reported,,results/summaries/paper-v1-8x28-cost-telemetry-rerun2-20260603/runs/expand222-next-039-registry-openrouter-080-minimax-minimax-m3
52,Grok Build 0.1,Grok Build 0.1 (provider default),grok/grok-build-0.1,provider default,hard_obvious_8x28_seed_20260531,96.9,93.7-98.5%,96.9,81.7,78.6,3.1,217,217,183,176,224,0,0,219263,219.26k,0.469025,0.002161,1010,89.30,reported,,results/summaries/paper-v1-8x28-current-222-20260602-repair3-xai-grok/runs/expand222-next-058-registry-grok-build-0-1
53,Qwen: Qwen3 14B,Qwen: Qwen3 14B (provider default),openrouter/qwen/qwen3-14b,provider default,hard_obvious_8x28_seed_20260531,96.4,93.1-98.2%,96.4,98.7,95.1,3.6,216,216,221,213,224,0,0,59960,59.96k,0.013375,0.000062,278,0.89,reported,,results/summaries/paper-v1-8x28-current-222-20260602-keyed/runs/expand222-scaled-039-openrouter-059-qwen-qwen3-14b
54,OpenAI GPT-5.4 nano xhigh,OpenAI GPT-5.4 nano xhigh (thinking=xhigh),openai/gpt-5.4-nano,thinking=xhigh,hard_obvious_8x28_seed_20260531,96.4,93.1-98.2%,96.4,100.0,96.4,3.6,216,216,224,216,224,0,0,22563,22.56k,0.02114985,0.00009792,104,0.92,reported,,results/summaries/paper-v1-8x28-current-222-20260602-keyed/runs/expand222-overline-006-openai-gpt-5-4-nano-xhigh
55,OpenAI GPT-5.4 mini low,OpenAI GPT-5.4 mini low (thinking=low),openai/gpt-5.4-mini,thinking=low,hard_obvious_8x28_seed_20260531,96.4,93.1-98.2%,96.4,100.0,96.4,3.6,216,216,224,216,224,0,0,12361,12.36k,0.030432,0.00014089,57,0.78,reported,,results/summaries/paper-v1-8x28-fill-gpt-5-4-mini-low-20260603/runs/expand222-fill-openai-gpt-5-4-mini-low
56,Qwen: Qwen3.6 35B A3B,Qwen: Qwen3.6 35B A3B (provider default),openrouter/qwen/qwen3.6-35b-a3b,provider default,hard_obvious_8x28_seed_20260531,96.4,93.1-98.2%,96.4,100.0,96.4,3.6,216,216,224,216,224,0,0,44492,44.49k,0.040786,0.000189,206,0.92,reported,,results/summaries/paper-v1-8x28-current-222-20260602-keyed/runs/expand222-next-031-registry-openrouter-082-qwen-qwen3-6-35b-a3b
57,Qwen: Qwen3.6 35B A3B low_budget_512,Qwen: Qwen3.6 35B A3B low_budget_512 (thinking=low),openrouter/qwen/qwen3.6-35b-a3b,thinking=low,hard_obvious_8x28_seed_20260531,96.4,93.1-98.2%,96.4,100.0,96.4,3.6,216,216,224,216,224,0,0,46369,46.37k,0.042663,0.000198,215,0.95,reported,,results/summaries/paper-v1-8x28-current-222-20260602-keyed/runs/expand222-next-096-thinking-openrouter-qwen-qwen3-6-35b-a3b-low
58,Qwen: Qwen3.6 Flash,Qwen: Qwen3.6 Flash (provider default),openrouter/qwen/qwen3.6-flash,provider default,hard_obvious_8x28_seed_20260531,96.4,93.1-98.2%,96.4,100.0,96.4,3.6,216,216,224,216,224,0,0,41682,41.68k,0.042853,0.000198,193,0.98,reported,,results/summaries/paper-v1-8x28-current-222-20260602-keyed/runs/expand222-next-036-registry-openrouter-081-qwen-qwen3-6-flash
59,OpenAI GPT-5.4 mini medium,OpenAI GPT-5.4 mini medium (thinking=medium),openai/gpt-5.4-mini,thinking=medium,hard_obvious_8x28_seed_20260531,96.4,93.1-98.2%,96.4,100.0,96.4,3.6,216,216,224,216,224,0,0,15152,15.15k,0.0429915,0.00019903,70,0.85,reported,,results/summaries/paper-v1-8x28-current-222-20260602-keyed/runs/expand222-overline-004-openai-gpt-5-4-mini-medium
60,MiniMax: MiniMax M2.5,MiniMax: MiniMax M2.5 (provider default),openrouter/minimax/minimax-m2.5,provider default,hard_obvious_8x28_seed_20260531,96.4,93.1-98.2%,96.4,100.0,96.4,3.6,216,216,224,216,224,0,0,64393,64.39k,0.06168,0.000286,298,0.95,reported,,results/summaries/paper-v1-8x28-current-222-20260602-keyed/runs/expand222-scaled-089-openrouter-031-minimax-minimax-m2-5
61,Z.ai: GLM 5V Turbo,Z.ai: GLM 5V Turbo (provider default),openrouter/z-ai/glm-5v-turbo,provider default,hard_obvious_8x28_seed_20260531,96.4,93.1-98.2%,96.4,88.8,85.3,3.6,216,216,199,191,224,0,0,21521,21.52k,0.07515,0.000348,100,0.98,reported,,results/summaries/paper-v1-8x28-current-222-20260602-keyed/runs/expand222-next-069-registry-openrouter-184-z-ai-glm-5v-turbo
62,Claude Opus 4.8 high,Claude Opus 4.8 high (thinking=high),anthropic/claude-opus-4-8,thinking=high,hard_obvious_8x28_seed_20260531,96.4,93.1-98.2%,96.4,99.6,96.0,3.6,216,216,223,215,224,0,0,16019,16.02k,0.121235,0.00056127,74,0.40,reported,,results/summaries/paper-v1-8x28-current-222-20260602-keyed/runs/expand222-top-thinking-013-anthropic-claude-opus-4-8-high
63,Claude Opus 4.8 xhigh,Claude Opus 4.8 xhigh (thinking=xhigh),anthropic/claude-opus-4-8,thinking=xhigh,hard_obvious_8x28_seed_20260531,96.4,93.1-98.2%,96.4,99.6,96.0,3.6,216,216,223,215,224,0,0,16698,16.70k,0.13821,0.00063986,77,0.53,reported,,results/summaries/paper-v1-8x28-current-222-20260602-keyed/runs/expand222-top-thinking-014-anthropic-claude-opus-4-8-xhigh
64,Z.ai: GLM 4.6V,Z.ai: GLM 4.6V (provider default),openrouter/z-ai/glm-4.6v,provider default,hard_obvious_8x28_seed_20260531,96.0,92.5-97.9%,96.0,100.0,96.0,4.0,215,215,224,215,224,0,0,1624,1.62k,0.001439,0.000007,8,1.00,reported,,results/summaries/paper-v1-8x28-current-222-20260602-keyed/runs/expand222-next-033-registry-openrouter-170-z-ai-glm-4-6v
65,Xiaomi: MiMo-V2.5,Xiaomi: MiMo-V2.5 (provider default),openrouter/xiaomi/mimo-v2.5,provider default,hard_obvious_8x28_seed_20260531,96.0,92.5-97.9%,96.0,99.6,95.5,4.0,215,215,223,214,224,0,0,52236,52.24k,0.008464,0.000039,243,0.98,reported,,results/summaries/paper-v1-8x28-current-222-20260602-keyed/runs/expand222-next-016-registry-openrouter-163-xiaomi-mimo-v2-5
66,OpenAI GPT-5.5 no thinking,OpenAI GPT-5.5 no thinking (thinking=none/none),openai/gpt-5.5,thinking=none/none,hard_obvious_8x28_seed_20260531,96.0,92.5-97.9%,96.0,100.0,96.0,4.0,215,215,224,215,224,0,0,4239,4.24k,0.03317,0.00015428,20,0.00,not_reported_or_zero,,results/summaries/paper-v1-8x28-current-222-20260602-keyed/runs/expand222-next-086-registry-openai-gpt-5-5-none
67,Anthropic Claude Opus 4.8,Anthropic Claude Opus 4.8 (provider default),anthropic/claude-opus-4-8,provider default,hard_obvious_8x28_seed_20260531,96.0,92.5-97.9%,96.0,100.0,96.0,4.0,215,215,224,215,224,0,0,5799,5.80k,0.036035,0.0001676,27,0.00,not_reported_or_zero,,results/summaries/paper-v1-8x28-current-222-20260602-keyed/runs/expand222-next-084-registry-anthropic-claude-opus-4-8
68,Qwen: Qwen3 30B A3B Thinking 2507,Qwen: Qwen3 30B A3B Thinking 2507 (model-named thinking),openrouter/qwen/qwen3-30b-a3b-thinking-2507,model-named thinking,hard_obvious_8x28_seed_20260531,96.0,92.5-97.9%,96.0,100.0,96.0,4.0,215,215,224,215,224,0,0,168559,168.56k,0.065151,0.000303,784,0.99,reported,,results/summaries/paper-v1-8x28-current-222-20260602-keyed/runs/expand222-scaled-052-openrouter-117-qwen-qwen3-30b-a3b-thinking-2507
69,Claude Opus 4.8 medium,Claude Opus 4.8 medium (thinking=medium),anthropic/claude-opus-4-8,thinking=medium,hard_obvious_8x28_seed_20260531,96.0,92.5-97.9%,96.0,99.6,95.5,4.0,215,215,223,214,224,0,0,15473,15.47k,0.107585,0.0005004,72,0.17,reported,,results/summaries/paper-v1-8x28-current-222-20260602-keyed/runs/expand222-top-thinking-012-anthropic-claude-opus-4-8-medium
70,Claude Opus 4.8 low,Claude Opus 4.8 low (thinking=low),anthropic/claude-opus-4-8,thinking=low,hard_obvious_8x28_seed_20260531,96.0,92.5-97.9%,96.0,99.6,95.5,4.0,215,215,223,214,224,0,0,15742,15.74k,0.11431,0.00053167,73,0.28,reported,,results/summaries/paper-v1-8x28-current-222-20260602-keyed/runs/expand222-top-thinking-011-anthropic-claude-opus-4-8-low
71,Qwen: Qwen3 Next 80B A3B Thinking,Qwen: Qwen3 Next 80B A3B Thinking (model-named thinking),openrouter/qwen/qwen3-next-80b-a3b-thinking,model-named thinking,hard_obvious_8x28_seed_20260531,96.0,92.5-97.9%,96.0,96.4,92.4,4.0,215,215,216,207,224,0,0,180559,180.56k,0.13591,0.000632,840,0.91,reported,,results/summaries/paper-v1-8x28-current-222-20260602-keyed/runs/expand222-scaled-071-openrouter-116-qwen-qwen3-next-80b-a3b-thinking
72,OpenAI: gpt-oss-120b,OpenAI: gpt-oss-120b (provider default),openrouter/openai/gpt-oss-120b,provider default,hard_obvious_8x28_seed_20260531,95.5,92.0-97.6%,95.5,100.0,95.5,4.5,214,214,224,214,224,0,0,27327,27.33k,0.00286,0.000013,128,0.89,reported,,results/summaries/paper-v1-8x28-current-222-20260602-keyed/runs/expand222-scaled-034-openrouter-048-openai-gpt-oss-120b
73,DeepSeek: DeepSeek V4 Flash,DeepSeek: DeepSeek V4 Flash (provider default),openrouter/deepseek/deepseek-v4-flash,provider default,hard_obvious_8x28_seed_20260531,95.5,92.0-97.6%,95.5,98.2,93.8,4.5,214,214,220,210,224,0,0,24805,24.80k,0.003832,0.000018,116,0.93,reported,,results/summaries/paper-v1-8x28-cost-telemetry-rerun2-20260603/runs/expand222-scaled-035-openrouter-027-deepseek-deepseek-v4-flash
74,Qwen: Qwen3 32B,Qwen: Qwen3 32B (provider default),openrouter/qwen/qwen3-32b,provider default,hard_obvious_8x28_seed_20260531,95.5,92.0-97.6%,95.5,91.5,87.1,4.5,214,214,205,195,224,0,0,71637,71.64k,0.018612,0.000087,335,0.89,reported,,results/summaries/paper-v1-8x28-current-222-20260602-keyed/runs/expand222-scaled-041-openrouter-060-qwen-qwen3-32b
75,Anthropic Claude Opus 4.7,Anthropic Claude Opus 4.7 (provider default),anthropic/claude-opus-4-7,provider default,hard_obvious_8x28_seed_20260531,95.5,92.0-97.6%,95.5,100.0,95.5,4.5,214,214,224,214,224,0,0,6432,6.43k,0.04346,0.00020308,30,0.00,not_reported_or_zero,,results/summaries/paper-v1-8x28-current-222-20260602-keyed/runs/expand222-next-083-registry-anthropic-claude-opus-4-7
76,Gemini 2.5 Flash-Lite low_budget_1024,Gemini 2.5 Flash-Lite low_budget_1024 (thinking=low),google/gemini-2.5-flash-lite,thinking=low,hard_obvious_8x28_seed_20260531,95.1,91.4-97.2%,95.1,87.9,83.0,4.9,213,213,197,186,224,0,0,19066,19.07k,0.006562,0.000031,90,74.69,reported,,results/summaries/paper-v1-8x28-current-222-20260602-keyed/runs/expand222-next-089-thinking-gemini-gemini-2-5-flash-lite-low
77,Google: Gemini 3.1 Flash Lite low,Google: Gemini 3.1 Flash Lite low (thinking=low),openrouter/google/gemini-3.1-flash-lite,thinking=low,hard_obvious_8x28_seed_20260531,95.1,91.4-97.2%,95.1,100.0,95.1,4.9,213,213,224,213,224,0,0,14731,14.73k,0.01772025,0.00008319,69,0.99,reported,,results/summaries/paper-v1-8x28-current-222-20260602-keyed/runs/expand222-top-thinking-035-openrouter-google-gemini-3-1-flash-lite-low
78,MiniMax: MiniMax M2,MiniMax: MiniMax M2 (provider default),openrouter/minimax/minimax-m2,provider default,hard_obvious_8x28_seed_20260531,95.1,91.4-97.2%,95.1,99.6,94.6,4.9,213,213,223,212,224,0,0,58384,58.38k,0.050076,0.000235,274,1.01,reported,,results/summaries/paper-v1-8x28-current-222-20260602-keyed/runs/expand222-scaled-084-openrouter-040-minimax-minimax-m2
79,MiniMax: MiniMax M2.1,MiniMax: MiniMax M2.1 (provider default),openrouter/minimax/minimax-m2.1,provider default,hard_obvious_8x28_seed_20260531,95.1,91.4-97.2%,95.1,100.0,95.1,4.9,213,213,224,213,224,0,0,105394,105.39k,0.091798,0.000431,495,0.95,reported,,results/summaries/paper-v1-8x28-current-222-20260602-keyed/runs/expand222-scaled-082-openrouter-034-minimax-minimax-m2-1
80,Z.ai: GLM 4.6,Z.ai: GLM 4.6 (provider default),openrouter/z-ai/glm-4.6,provider default,hard_obvious_8x28_seed_20260531,95.1,91.4-97.2%,95.1,89.3,84.4,4.9,213,213,200,189,224,0,0,80207,80.21k,0.130485,0.000613,377,0.86,reported,,results/summaries/paper-v1-8x28-current-222-20260602-keyed/runs/expand222-scaled-093-openrouter-136-z-ai-glm-4-6
81,OpenAI GPT-5.4 nano high,OpenAI GPT-5.4 nano high (thinking=high),openai/gpt-5.4-nano,thinking=high,hard_obvious_8x28_seed_20260531,94.6,90.9-96.9%,94.6,99.6,94.2,5.4,212,212,223,211,224,0,0,13886,13.89k,0.0103036,0.0000486,66,0.84,reported,,results/summaries/paper-v1-8x28-current-222-20260602-keyed/runs/expand222-overline-003-openai-gpt-5-4-nano-high
82,OpenAI GPT-5.5 none,OpenAI GPT-5.5 none (thinking=none),openai/gpt-5.5,thinking=none,hard_obvious_8x28_seed_20260531,94.6,90.9-96.9%,94.6,100.0,94.6,5.4,212,212,224,212,224,0,0,4239,4.24k,0.03317,0.00015646,20,0.00,not_reported_or_zero,,results/summaries/paper-v1-8x28-current-222-20260602-keyed/runs/expand222-top-thinking-001-openai-gpt-5-5-none
83,Claude Sonnet 4.6 medium,Claude Sonnet 4.6 medium (thinking=medium),anthropic/claude-sonnet-4-6,thinking=medium,hard_obvious_8x28_seed_20260531,94.6,90.9-96.9%,94.6,98.2,92.9,5.4,212,212,220,208,224,0,0,13547,13.55k,0.074301,0.00035048,64,0.43,reported,,results/summaries/paper-v1-8x28-current-222-20260602-keyed/runs/expand222-top-thinking-017-anthropic-claude-sonnet-4-6-medium
84,OpenAI GPT-5 nano low,OpenAI GPT-5 nano low (thinking=low),openai/gpt-5-nano,thinking=low,hard_obvious_8x28_seed_20260531,94.2,90.3-96.6%,94.2,99.6,93.8,5.8,211,211,223,210,224,0,0,14850,14.85k,0.004624,0.00002191,70,0.68,reported,,results/summaries/paper-v1-8x28-current-222-20260602-keyed/runs/expand222-next-088-thinking-openai-gpt-5-nano-low
85,OpenAI GPT-5.4 no thinking,OpenAI GPT-5.4 no thinking (thinking=none/none),openai/gpt-5.4,thinking=none/none,hard_obvious_8x28_seed_20260531,94.2,90.3-96.6%,94.2,100.0,94.2,5.8,211,211,224,211,224,0,0,4242,4.24k,0.01663,0.00007882,20,0.00,not_reported_or_zero,,results/summaries/paper-v1-8x28-current-222-20260602-keyed/runs/expand222-next-081-registry-openai-gpt-5-4-none
86,Qwen: Qwen3.6 27B,Qwen: Qwen3.6 27B (provider default),openrouter/qwen/qwen3.6-27b,provider default,hard_obvious_8x28_seed_20260531,93.8,89.8-96.2%,93.8,100.0,93.8,6.2,210,210,224,210,224,0,0,40847,40.85k,0.118666,0.000565,195,0.96,reported,,results/summaries/paper-v1-8x28-current-222-20260602-keyed/runs/expand222-next-059-registry-openrouter-083-qwen-qwen3-6-27b
87,OpenAI GPT-5.4 nano medium,OpenAI GPT-5.4 nano medium (thinking=medium),openai/gpt-5.4-nano,thinking=medium,hard_obvious_8x28_seed_20260531,93.3,89.2-95.9%,93.3,100.0,93.3,6.7,209,209,224,209,224,0,0,13076,13.08k,0.0092911,0.00004446,63,0.83,reported,,results/summaries/paper-v1-8x28-current-222-20260602-keyed/runs/expand222-overline-002-openai-gpt-5-4-nano-medium
88,Gemini 2.5 Flash-Lite medium_budget_8192,Gemini 2.5 Flash-Lite medium_budget_8192 (thinking=medium),google/gemini-2.5-flash-lite,thinking=medium,hard_obvious_8x28_seed_20260531,93.3,89.2-95.9%,93.3,87.9,81.2,6.7,209,209,197,182,224,0,0,34035,34.03k,0.012549,0.00006,163,146.99,reported,,results/summaries/paper-v1-8x28-current-222-final-20260602/cumulative-cost-runs/expand222-next-097-thinking-gemini-gemini-2-5-flash-lite-medium
89,Anthropic Claude Opus 4.6,Anthropic Claude Opus 4.6 (provider default),anthropic/claude-opus-4-6,provider default,hard_obvious_8x28_seed_20260531,93.3,89.2-95.9%,93.3,99.1,92.4,6.7,209,209,222,207,224,0,0,5386,5.39k,0.05057,0.00024196,26,0.00,not_reported_or_zero,,results/summaries/paper-v1-8x28-current-222-20260602-keyed/runs/expand222-next-082-registry-anthropic-claude-opus-4-6
90,Google: Gemma 4 31B,Google: Gemma 4 31B (provider default),openrouter/google/gemma-4-31b-it,provider default,hard_obvious_8x28_seed_20260531,92.9,88.7-95.6%,92.9,89.7,82.6,7.1,208,208,201,185,224,0,0,4802,4.80k,0.000622,0.000003,23,0.00,not_reported_or_zero,,results/summaries/paper-v1-8x28-current-222-20260602-keyed/runs/expand222-next-017-registry-openrouter-165-google-gemma-4-31b-it
91,OpenAI GPT-5.4 none,OpenAI GPT-5.4 none (thinking=none),openai/gpt-5.4,thinking=none,hard_obvious_8x28_seed_20260531,92.9,88.7-95.6%,92.9,100.0,92.9,7.1,208,208,224,208,224,0,0,4291,4.29k,0.01689,0.0000812,21,0.00,not_reported_or_zero,,results/summaries/paper-v1-8x28-current-222-20260602-keyed/runs/expand222-top-thinking-006-openai-gpt-5-4-none
92,OpenAI GPT-4.1,OpenAI GPT-4.1 (provider default),openai/gpt-4.1,provider default,hard_obvious_8x28_seed_20260531,92.9,88.7-95.6%,92.9,83.9,76.8,7.1,208,208,188,172,224,0,0,7357,7.36k,0.017642,0.00008482,35,0.00,not_reported_or_zero,,results/summaries/paper-v1-8x28-current-222-20260602-keyed/runs/expand222-paper-openai-gpt-4-1
93,Z.ai: GLM 4.5 Air,Z.ai: GLM 4.5 Air (provider default),openrouter/z-ai/glm-4.5-air,provider default,hard_obvious_8x28_seed_20260531,92.9,88.7-95.6%,92.9,87.9,80.8,7.1,208,208,197,181,224,0,0,102781,102.78k,0.082315,0.000396,494,1.00,reported,,results/summaries/paper-v1-8x28-current-222-20260602-keyed/runs/expand222-scaled-078-openrouter-147-z-ai-glm-4-5-air
94,Qwen: Qwen3 VL 30B A3B Thinking,Qwen: Qwen3 VL 30B A3B Thinking (model-named thinking),openrouter/qwen/qwen3-vl-30b-a3b-thinking,model-named thinking,hard_obvious_8x28_seed_20260531,92.9,88.7-95.6%,92.9,97.8,90.6,7.1,208,208,219,203,224,0,0,87299,87.30k,0.130203,0.000626,420,0.99,reported,,results/summaries/paper-v1-8x28-current-222-20260602-keyed/runs/expand222-next-041-registry-openrouter-123-qwen-qwen3-vl-30b-a3b-thinking
95,OpenAI GPT-4o,OpenAI GPT-4o (provider default),openai/gpt-4o,provider default,hard_obvious_8x28_seed_20260531,92.4,88.2-95.2%,92.4,80.4,72.8,7.6,207,207,180,163,224,0,0,4102,4.10k,0.01219,0.00005889,20,0.00,not_reported_or_zero,,results/summaries/paper-v1-8x28-current-222-20260602-keyed/runs/expand222-next-078-registry-openai-gpt-4o
96,Google: Gemini 3.5 Flash minimal,Google: Gemini 3.5 Flash minimal (thinking=minimal),openrouter/google/gemini-3.5-flash,thinking=minimal,hard_obvious_8x28_seed_20260531,92.0,87.7-94.9%,92.0,100.0,92.0,8.0,206,206,224,206,224,0,0,3629,3.63k,0.0066735,0.0000324,18,0.00,not_reported_or_zero,,results/summaries/paper-v1-8x28-current-222-20260602-keyed/runs/expand222-top-thinking-028-openrouter-google-gemini-3-5-flash-minimal
97,Z.ai: GLM 5,Z.ai: GLM 5 (provider default),openrouter/z-ai/glm-5,provider default,hard_obvious_8x28_seed_20260531,92.0,87.7-94.9%,92.0,100.0,92.0,8.0,206,206,224,206,224,0,0,60673,60.67k,0.116131,0.000564,295,0.97,reported,,results/summaries/paper-v1-8x28-current-222-20260602-keyed/runs/expand222-scaled-097-openrouter-129-z-ai-glm-5
98,Z.ai: GLM 4.7 Flash,Z.ai: GLM 4.7 Flash (provider default),openrouter/z-ai/glm-4.7-flash,provider default,hard_obvious_8x28_seed_20260531,91.5,87.1-94.5%,91.5,100.0,91.5,8.5,205,205,224,205,224,0,0,75483,75.48k,0.027809,0.000136,368,0.97,reported,,results/summaries/paper-v1-8x28-current-222-20260602-keyed/runs/expand222-scaled-051-openrouter-033-z-ai-glm-4-7-flash
99,Qwen: Qwen3 VL 8B Thinking,Qwen: Qwen3 VL 8B Thinking (model-named thinking),openrouter/qwen/qwen3-vl-8b-thinking,model-named thinking,hard_obvious_8x28_seed_20260531,91.5,87.1-94.5%,91.5,96.9,90.2,8.5,205,205,217,202,224,0,0,109396,109.40k,0.144156,0.000703,534,0.96,reported,,results/summaries/paper-v1-8x28-current-222-20260602-keyed/runs/expand222-next-038-registry-openrouter-122-qwen-qwen3-vl-8b-thinking
100,OpenAI GPT-5.2 no thinking,OpenAI GPT-5.2 no thinking (thinking=none/none),openai/gpt-5.2,thinking=none/none,hard_obvious_8x28_seed_20260531,91.1,86.6-94.1%,91.1,100.0,91.1,8.9,204,204,224,204,224,0,0,4246,4.25k,0.013384,0.00006561,21,0.00,not_reported_or_zero,,results/summaries/paper-v1-8x28-current-222-20260602-keyed/runs/expand222-next-080-registry-openai-gpt-5-2-none
101,Google: Gemma 4 26B A4B ,Google: Gemma 4 26B A4B  (provider default),openrouter/google/gemma-4-26b-a4b-it,provider default,hard_obvious_8x28_seed_20260531,90.6,86.1-93.8%,90.6,100.0,90.6,9.4,203,203,224,203,224,0,0,4541,4.54k,0.000326,0.000002,22,0.00,not_reported_or_zero,,results/summaries/paper-v1-8x28-current-222-20260602-keyed/runs/expand222-next-013-registry-openrouter-084-google-gemma-4-26b-a4b-it
102,Google: Gemini 3.1 Flash Lite minimal,Google: Gemini 3.1 Flash Lite minimal (thinking=minimal),openrouter/google/gemini-3.1-flash-lite,thinking=minimal,hard_obvious_8x28_seed_20260531,90.6,86.1-93.8%,90.6,100.0,90.6,9.4,203,203,224,203,224,0,0,3669,3.67k,0.00112225,0.00000553,18,0.00,not_reported_or_zero,,results/summaries/paper-v1-8x28-current-222-20260602-keyed/runs/expand222-next-094-thinking-openrouter-google-gemini-3-1-flash-lite-minimal
103,OpenAI GPT-5 minimal,OpenAI GPT-5 minimal (thinking=minimal/none),openai/gpt-5,thinking=minimal/none,hard_obvious_8x28_seed_20260531,90.6,86.1-93.8%,90.6,100.0,90.6,9.4,203,203,224,203,224,0,0,5415,5.42k,0.02125,0.00010468,27,0.00,not_reported_or_zero,,results/summaries/paper-v1-8x28-current-222-20260602-keyed/runs/expand222-next-077-registry-openai-gpt-5-minimal
104,Google: Gemini 3.1 Flash Lite Preview minimal,Google: Gemini 3.1 Flash Lite Preview minimal (thinking=minimal),openrouter/google/gemini-3.1-flash-lite-preview,thinking=minimal,hard_obvious_8x28_seed_20260531,90.2,85.6-93.4%,90.2,100.0,90.2,9.8,202,202,224,202,224,0,0,3674,3.67k,0.00112475,0.00000557,18,0.00,not_reported_or_zero,,results/summaries/paper-v1-8x28-current-222-20260602-keyed/runs/expand222-next-095-thinking-openrouter-google-gemini-3-1-flash-lite-preview-minimal
105,Gemini 3.1 Flash-Lite minimal_budget_1024,Gemini 3.1 Flash-Lite minimal_budget_1024 (thinking=minimal),google/gemini-3.1-flash-lite,thinking=minimal,hard_obvious_8x28_seed_20260531,90.2,85.6-93.4%,90.2,100.0,90.2,9.8,202,202,224,202,224,0,0,3714,3.71k,0.00113475,0.00000562,18,0.00,not_reported_or_zero,,results/summaries/paper-v1-8x28-current-222-20260602-keyed/runs/expand222-next-093-thinking-gemini-gemini-3-1-flash-lite-minimal
106,Gemini 3.1 Flash-Lite,Gemini 3.1 Flash-Lite (provider default),google/gemini-3.1-flash-lite,provider default,hard_obvious_8x28_seed_20260531,90.2,85.6-93.4%,90.2,100.0,90.2,9.8,202,202,224,202,224,0,0,9781,9.78k,0.003234,0.00001601,48,0.00,not_reported_or_zero,,results/summaries/paper-v1-8x28-cost-telemetry-rerun2-20260603/runs/expand222-next-042-registry-gemini-3-1-flash-lite
107,Google: Gemini 3.1 Flash Lite minimal,Google: Gemini 3.1 Flash Lite minimal (thinking=minimal),openrouter/google/gemini-3.1-flash-lite,thinking=minimal,hard_obvious_8x28_seed_20260531,89.7,85.1-93.1%,89.7,100.0,89.7,10.3,201,201,224,201,224,0,0,3673,3.67k,0.00112575,0.0000056,18,0.00,not_reported_or_zero,,results/summaries/paper-v1-8x28-current-222-20260602-keyed/runs/expand222-top-thinking-034-openrouter-google-gemini-3-1-flash-lite-minimal
108,Anthropic Claude Haiku 4.5,Anthropic Claude Haiku 4.5 (provider default),anthropic/claude-haiku-4-5,provider default,hard_obvious_8x28_seed_20260531,89.3,84.6-92.7%,89.3,87.1,76.3,10.7,200,200,195,171,224,0,0,8592,8.59k,0.013052,0.00006526,43,0.00,not_reported_or_zero,,results/summaries/paper-v1-8x28-current-222-20260602-keyed/runs/expand222-paper-anthropic-claude-haiku-4-5
109,Qwen: Qwen3.5 Plus 2026-02-15,Qwen: Qwen3.5 Plus 2026-02-15 (provider default),openrouter/qwen/qwen3.5-plus-02-15,provider default,hard_obvious_8x28_seed_20260531,89.3,84.6-92.7%,89.3,90.2,89.3,10.7,200,200,202,200,224,0,0,45919,45.92k,0.066032,0.00033,230,0.99,reported,,results/summaries/paper-v1-8x28-current-222-20260602-keyed/runs/expand222-next-044-registry-openrouter-168-qwen-qwen3-5-plus-02-15
110,MiniMax: MiniMax M2.7,MiniMax: MiniMax M2.7 (provider default),openrouter/minimax/minimax-m2.7,provider default,hard_obvious_8x28_seed_20260531,89.3,84.6-92.7%,89.3,100.0,89.3,10.7,200,200,224,200,224,0,0,111283,111.28k,0.12233,0.000612,556,0.98,reported,,results/summaries/paper-v1-8x28-current-222-20260602-keyed/runs/expand222-scaled-090-openrouter-028-minimax-minimax-m2-7
111,Claude Sonnet 4.6 low,Claude Sonnet 4.6 low (thinking=low),anthropic/claude-sonnet-4-6,thinking=low,hard_obvious_8x28_seed_20260531,88.8,84.0-92.3%,88.8,98.7,87.5,11.2,199,199,221,196,224,0,0,12266,12.27k,0.055086,0.00027681,62,0.03,reported,,results/summaries/paper-v1-8x28-current-222-20260602-keyed/runs/expand222-top-thinking-016-anthropic-claude-sonnet-4-6-low
112,Qwen: Qwen3.5-27B,Qwen: Qwen3.5-27B (provider default),openrouter/qwen/qwen3.5-27b,provider default,hard_obvious_8x28_seed_20260531,88.8,84.0-92.3%,88.8,100.0,88.8,11.2,199,199,224,199,224,0,0,40079,40.08k,0.056581,0.000284,201,0.97,reported,,results/summaries/paper-v1-8x28-current-222-20260602-keyed/runs/expand222-next-043-registry-openrouter-088-qwen-qwen3-5-27b
113,Qwen: Qwen3 Coder 480B A35B,Qwen: Qwen3 Coder 480B A35B (provider default),openrouter/qwen/qwen3-coder,provider default,hard_obvious_8x28_seed_20260531,88.4,83.5-92.0%,88.4,89.3,77.7,11.6,198,198,200,174,224,0,0,7985,7.99k,0.002659,0.000013,40,0.00,not_reported_or_zero,,results/summaries/paper-v1-8x28-current-222-20260602-keyed/runs/expand222-scaled-095-openrouter-148-qwen-qwen3-coder
114,MoonshotAI: Kimi K2 0711,MoonshotAI: Kimi K2 0711 (provider default),openrouter/moonshotai/kimi-k2,provider default,hard_obvious_8x28_seed_20260531,88.4,83.5-92.0%,88.4,100.0,88.4,11.6,198,198,224,198,224,0,0,4757,4.76k,0.00297272,0.000015,24,0.00,not_reported_or_zero,,results/summaries/paper-v1-8x28-current-222-final-20260602/cumulative-cost-runs/expand222-scaled-099-openrouter-149-moonshotai-kimi-k2
115,Anthropic Claude Sonnet 4.6,Anthropic Claude Sonnet 4.6 (provider default),anthropic/claude-sonnet-4-6,provider default,hard_obvious_8x28_seed_20260531,88.4,83.5-92.0%,88.4,96.9,85.3,11.6,198,198,217,191,224,0,0,8696,8.70k,0.040224,0.00020315,44,0.00,not_reported_or_zero,,results/summaries/paper-v1-8x28-current-222-20260602-keyed/runs/expand222-paper-anthropic-claude-sonnet-4-6
116,OpenAI: GPT-5.4 Nano low,OpenAI: GPT-5.4 Nano low (thinking=low),openrouter/openai/gpt-5.4-nano,thinking=low,hard_obvious_8x28_seed_20260531,87.9,83.0-91.6%,87.9,99.6,87.5,12.1,197,197,223,196,224,0,0,6245,6.25k,0.003858,0.00002,32,0.77,reported,,results/summaries/paper-v1-8x28-current-222-20260602-keyed/runs/expand222-next-100-thinking-openrouter-openai-gpt-5-4-nano-low
117,Qwen: Qwen3.5-35B-A3B,Qwen: Qwen3.5-35B-A3B (provider default),openrouter/qwen/qwen3.5-35b-a3b,provider default,hard_obvious_8x28_seed_20260531,87.9,83.0-91.6%,87.9,100.0,87.9,12.1,197,197,224,197,224,0,0,46479,46.48k,0.042773,0.000217,236,0.94,reported,,results/summaries/paper-v1-8x28-current-222-20260602-keyed/runs/expand222-next-032-registry-openrouter-087-qwen-qwen3-5-35b-a3b
118,Baidu: ERNIE 4.5 VL 424B A47B ,Baidu: ERNIE 4.5 VL 424B A47B  (provider default),openrouter/baidu/ernie-4.5-vl-424b-a47b,provider default,hard_obvious_8x28_seed_20260531,87.5,82.5-91.2%,87.5,97.8,85.3,12.5,196,196,219,191,224,0,0,3781,3.78k,0.00172995,0.00000883,19,0.00,not_reported_or_zero,,results/summaries/paper-v1-8x28-current-222-20260602-keyed/runs/expand222-next-040-registry-openrouter-103-baidu-ernie-4-5-vl-424b-a47b
119,OpenAI GPT-4.1 mini,OpenAI GPT-4.1 mini (provider default),openai/gpt-4.1-mini,provider default,hard_obvious_8x28_seed_20260531,87.5,82.5-91.2%,87.5,99.6,87.1,12.5,196,196,223,195,224,0,0,7212,7.21k,0.0032964,0.00001682,37,0.00,not_reported_or_zero,,results/summaries/paper-v1-8x28-current-222-20260602-keyed/runs/expand222-paper-openai-gpt-4-1-mini
120,Google: Gemma 3 12B,Google: Gemma 3 12B (provider default),openrouter/google/gemma-3-12b-it,provider default,hard_obvious_8x28_seed_20260531,87.1,82.0-90.8%,87.1,89.3,76.3,12.9,195,195,200,171,224,0,0,4489,4.49k,0.00020368,0.00000104,23,0.00,not_reported_or_zero,,results/summaries/paper-v1-8x28-current-222-20260602-keyed/runs/expand222-next-002-registry-openrouter-110-google-gemma-3-12b-it
121,DeepSeek: DeepSeek V3.2 Exp,DeepSeek: DeepSeek V3.2 Exp (provider default),openrouter/deepseek/deepseek-v3.2-exp,provider default,hard_obvious_8x28_seed_20260531,87.1,82.0-90.8%,87.1,99.6,86.6,12.9,195,195,223,194,224,0,0,6986,6.99k,0.00195342,0.00001002,36,0.00,not_reported_or_zero,,results/summaries/paper-v1-8x28-current-222-20260602-keyed/runs/expand222-scaled-058-openrouter-137-deepseek-deepseek-v3-2-exp
122,Nous: Hermes 4 405B,Nous: Hermes 4 405B (provider default),openrouter/nousresearch/hermes-4-405b,provider default,hard_obvious_8x28_seed_20260531,87.1,82.0-90.8%,87.1,100.0,87.1,12.9,195,195,224,195,224,0,0,5559,5.56k,0.006101,0.00003129,29,0.00,not_reported_or_zero,,results/summaries/paper-v1-8x28-current-222-20260602-keyed/runs/expand222-next-062-registry-openrouter-144-nousresearch-hermes-4-405b
123,Nous: Hermes 3 405B Instruct,Nous: Hermes 3 405B Instruct (provider default),openrouter/nousresearch/hermes-3-llama-3.1-405b,provider default,hard_obvious_8x28_seed_20260531,87.1,82.0-90.8%,87.1,100.0,87.1,12.9,195,195,224,195,224,0,0,7743,7.74k,0.007743,0.00003971,40,0.00,not_reported_or_zero,,results/summaries/paper-v1-8x28-current-222-20260602-keyed/runs/expand222-scaled-086-openrouter-157-nousresearch-hermes-3-llama-3-1-405b
124,Qwen: Qwen3.5-Flash,Qwen: Qwen3.5-Flash (provider default),openrouter/qwen/qwen3.5-flash-02-23,provider default,hard_obvious_8x28_seed_20260531,87.1,82.0-90.8%,87.1,90.2,87.1,12.9,195,195,202,195,224,0,0,49840,49.84k,0.012118,0.000062,256,0.99,reported,,results/summaries/paper-v1-8x28-current-222-20260602-keyed/runs/expand222-next-010-registry-openrouter-090-qwen-qwen3-5-flash-02-23
125,Xiaomi MiMo-V2-Flash,Xiaomi MiMo-V2-Flash (provider default),openrouter/xiaomi/mimo-v2-flash,provider default,hard_obvious_8x28_seed_20260531,86.6,81.5-90.5%,86.6,100.0,86.6,13.4,194,194,224,194,224,0,0,12022,12.02k,0.00031583,0.00000163,62,0.00,not_reported_or_zero,,results/summaries/paper-v1-8x28-current-222-20260602-keyed/runs/expand222-paper-openrouter-xiaomi-mimo-v2-flash
126,Gemini 2.5 Flash-Lite,Gemini 2.5 Flash-Lite (provider default),google/gemini-2.5-flash-lite,provider default,hard_obvious_8x28_seed_20260531,86.6,81.5-90.5%,86.6,87.9,74.6,13.4,194,194,197,167,224,0,0,6779,6.78k,0.0008084,0.00000417,35,0.00,not_reported_or_zero,,results/summaries/paper-v1-8x28-current-222-20260602-keyed/runs/expand222-paper-gemini-2-5-flash-lite
127,Mistral: Mistral Large 3 2512,Mistral: Mistral Large 3 2512 (provider default),openrouter/mistralai/mistral-large-2512,provider default,hard_obvious_8x28_seed_20260531,86.6,81.5-90.5%,86.6,86.2,72.8,13.4,194,194,193,163,224,0,0,3848,3.85k,0.002181,0.00001124,20,0.00,not_reported_or_zero,,results/summaries/paper-v1-8x28-current-222-20260602-keyed/runs/expand222-next-045-registry-openrouter-171-mistralai-mistral-large-2512
128,OpenAI GPT-5.4 nano low,OpenAI GPT-5.4 nano low (thinking=low),openai/gpt-5.4-nano,thinking=low,hard_obvious_8x28_seed_20260531,86.6,81.5-90.5%,86.6,100.0,86.6,13.4,194,194,224,194,224,0,0,6136,6.14k,0.003722,0.00001919,32,0.76,reported,,results/summaries/paper-v1-8x28-current-222-20260602-keyed/runs/expand222-next-099-thinking-openai-gpt-5-4-nano-low
129,MoonshotAI: Kimi K2 0905,MoonshotAI: Kimi K2 0905 (provider default),openrouter/moonshotai/kimi-k2-0905,provider default,hard_obvious_8x28_seed_20260531,86.6,81.5-90.5%,86.6,100.0,86.6,13.4,194,194,224,194,224,0,0,9751,9.75k,0.0079558,0.00004101,50,0.00,not_reported_or_zero,,results/summaries/paper-v1-8x28-current-222-20260602-keyed/runs/expand222-scaled-100-openrouter-142-moonshotai-kimi-k2-0905
130,Z.ai: GLM 4.5V,Z.ai: GLM 4.5V (provider default),openrouter/z-ai/glm-4.5v,provider default,hard_obvious_8x28_seed_20260531,86.6,81.5-90.5%,86.6,80.4,74.6,13.4,194,194,180,167,224,0,0,22152,22.15k,0.034421,0.000177,114,0.71,reported,,results/summaries/paper-v1-8x28-current-222-20260602-keyed/runs/expand222-next-053-registry-openrouter-173-z-ai-glm-4-5v
131,Qwen: Qwen Plus 0728,Qwen: Qwen Plus 0728 (provider default),openrouter/qwen/qwen-plus-2025-07-28,provider default,hard_obvious_8x28_seed_20260531,86.2,81.0-90.1%,86.2,90.6,76.8,13.8,193,193,203,172,224,0,0,7618,7.62k,0.00224848,0.000012,39,0.00,not_reported_or_zero,,results/summaries/paper-v1-8x28-current-222-final-20260602/cumulative-cost-runs/expand222-scaled-073-openrouter-141-qwen-qwen-plus-2025-07-28
132,OpenAI GPT-5 mini minimal,OpenAI GPT-5 mini minimal (thinking=minimal),openai/gpt-5-mini,thinking=minimal,hard_obvious_8x28_seed_20260531,86.2,81.0-90.1%,86.2,100.0,86.2,13.8,193,193,224,193,224,0,0,5421,5.42k,0.004262,0.00002208,28,0.00,not_reported_or_zero,,results/summaries/paper-v1-8x28-current-222-20260602-keyed/runs/expand222-next-092-thinking-openai-gpt-5-mini-minimal
133,Nex AGI: DeepSeek V3.1 Nex N1,Nex AGI: DeepSeek V3.1 Nex N1 (provider default),openrouter/nex-agi/deepseek-v3.1-nex-n1,provider default,hard_obvious_8x28_seed_20260531,86.2,81.0-90.1%,86.2,100.0,86.2,13.8,193,193,224,193,224,0,0,95459,95.46k,0.01307056,0.00006772,495,0.00,not_reported_or_zero,,results/summaries/paper-v1-8x28-current-222-20260602-keyed/runs/expand222-scaled-062-openrouter-132-nex-agi-deepseek-v3-1-nex-n1
134,Qwen: Qwen3 235B A22B Instruct 2507,Qwen: Qwen3 235B A22B Instruct 2507 (provider default),openrouter/qwen/qwen3-235b-a22b-2507,provider default,hard_obvious_8x28_seed_20260531,85.7,80.5-89.7%,85.7,98.7,84.4,14.3,192,192,221,189,224,0,0,7635,7.63k,0.000543,0.000003,40,0.00,not_reported_or_zero,,results/summaries/paper-v1-8x28-current-222-20260602-keyed/runs/expand222-scaled-022-openrouter-053-qwen-qwen3-235b-a22b-2507
135,Qwen: Qwen3 Coder Next,Qwen: Qwen3 Coder Next (provider default),openrouter/qwen/qwen3-coder-next,provider default,hard_obvious_8x28_seed_20260531,85.7,80.5-89.7%,85.7,100.0,85.7,14.3,192,192,224,192,224,0,0,7683,7.68k,0.00121911,0.00000635,40,0.00,not_reported_or_zero,,results/summaries/paper-v1-8x28-current-222-20260602-keyed/runs/expand222-scaled-075-openrouter-130-qwen-qwen3-coder-next
136,DeepSeek: DeepSeek V3.2,DeepSeek: DeepSeek V3.2 (provider default),openrouter/deepseek/deepseek-v3.2,provider default,hard_obvious_8x28_seed_20260531,85.7,80.5-89.7%,85.7,99.6,85.3,14.3,192,192,223,191,224,0,0,7231,7.23k,0.0015908,0.00000829,38,0.00,not_reported_or_zero,,results/summaries/paper-v1-8x28-current-222-20260602-keyed/runs/expand222-scaled-048-openrouter-134-deepseek-deepseek-v3-2
137,Qwen: Qwen-Plus,Qwen: Qwen-Plus (provider default),openrouter/qwen/qwen-plus,provider default,hard_obvious_8x28_seed_20260531,85.7,80.5-89.7%,85.7,100.0,85.7,14.3,192,192,224,192,224,0,0,7491,7.49k,0.00214942,0.00001119,39,0.00,not_reported_or_zero,,results/summaries/paper-v1-8x28-current-222-20260602-keyed/runs/expand222-scaled-072-openrouter-152-qwen-qwen-plus
138,Qwen: Qwen3 Max,Qwen: Qwen3 Max (thinking=max),openrouter/qwen/qwen3-max,thinking=max,hard_obvious_8x28_seed_20260531,85.7,80.5-89.7%,85.7,100.0,85.7,14.3,192,192,224,192,224,0,0,5484,5.48k,0.0050232,0.000026,29,0.00,not_reported_or_zero,,results/summaries/paper-v1-8x28-current-222-final-20260602/cumulative-cost-runs/expand222-next-066-registry-openrouter-138-qwen-qwen3-max
139,Mistral Large 2407,Mistral Large 2407 (provider default),openrouter/mistralai/mistral-large-2407,provider default,hard_obvious_8x28_seed_20260531,85.7,80.5-89.7%,85.7,87.5,73.2,14.3,192,192,196,164,224,0,0,3848,3.85k,0.008724,0.00004544,20,0.00,not_reported_or_zero,,results/summaries/paper-v1-8x28-current-222-20260602-keyed/runs/expand222-next-074-registry-openrouter-185-mistralai-mistral-large-2407
140,MiniMax: MiniMax-01,MiniMax: MiniMax-01 (provider default),openrouter/minimax/minimax-01,provider default,hard_obvious_8x28_seed_20260531,85.7,80.5-89.7%,85.7,99.1,84.8,14.3,192,192,222,190,224,0,0,63129,63.13k,0.0127617,0.00006647,329,0.00,not_reported_or_zero,,results/summaries/paper-v1-8x28-current-222-20260602-keyed/runs/expand222-next-035-registry-openrouter-113-minimax-minimax-01
141,Arcee AI: Trinity Mini,Arcee AI: Trinity Mini (provider default),openrouter/arcee-ai/trinity-mini,provider default,hard_obvious_8x28_seed_20260531,85.7,80.5-89.7%,85.7,83.5,71.4,14.3,192,192,187,160,224,0,0,148331,148.33k,0.021473,0.000112,773,0.64,reported,,results/summaries/paper-v1-8x28-current-222-20260602-keyed/runs/expand222-scaled-030-openrouter-037-arcee-ai-trinity-mini
142,OpenAI GPT-4.1 nano,OpenAI GPT-4.1 nano (provider default),openai/gpt-4.1-nano,provider default,hard_obvious_8x28_seed_20260531,85.3,80.0-89.3%,85.3,100.0,85.3,14.7,191,191,224,191,224,0,0,3989,3.99k,0.0004424,0.00000232,21,0.00,not_reported_or_zero,,results/summaries/paper-v1-8x28-current-222-20260602-keyed/runs/expand222-next-019-registry-openai-gpt-4-1-nano
143,OpenAI GPT-4o mini,OpenAI GPT-4o mini (provider default),openai/gpt-4o-mini,provider default,hard_obvious_8x28_seed_20260531,85.3,80.0-89.3%,85.3,89.7,75.0,14.7,191,191,201,168,224,0,0,4056,4.06k,0.0007038,0.00000368,21,0.00,not_reported_or_zero,,results/summaries/paper-v1-8x28-current-222-20260602-keyed/runs/expand222-next-024-registry-openai-gpt-4o-mini
144,Qwen: Qwen3 VL 235B A22B Instruct,Qwen: Qwen3 VL 235B A22B Instruct (provider default),openrouter/qwen/qwen3-vl-235b-a22b-instruct,provider default,hard_obvious_8x28_seed_20260531,85.3,80.0-89.3%,85.3,100.0,85.3,14.7,191,191,224,191,224,0,0,4281,4.28k,0.00095584,0.000005,22,0.00,not_reported_or_zero,,results/summaries/paper-v1-8x28-current-222-20260602-keyed/runs/expand222-next-030-registry-openrouter-100-qwen-qwen3-vl-235b-a22b-instruct
145,OpenAI GPT-5 mini minimal,OpenAI GPT-5 mini minimal (thinking=minimal/none),openai/gpt-5-mini,thinking=minimal/none,hard_obvious_8x28_seed_20260531,85.3,80.0-89.3%,85.3,99.6,84.8,14.7,191,191,223,190,224,0,0,5426,5.43k,0.004272,0.00002237,28,0.00,not_reported_or_zero,,results/summaries/paper-v1-8x28-current-222-20260602-keyed/runs/expand222-next-047-registry-openai-gpt-5-mini-minimal
146,OpenAI GPT-5.4 mini no thinking,OpenAI GPT-5.4 mini no thinking (thinking=none/none),openai/gpt-5.4-mini,thinking=none/none,hard_obvious_8x28_seed_20260531,85.3,80.0-89.3%,85.3,100.0,85.3,14.7,191,191,224,191,224,0,0,4244,4.24k,0.004998,0.00002617,22,0.00,not_reported_or_zero,,results/summaries/paper-v1-8x28-current-222-20260602-keyed/runs/expand222-next-070-registry-openai-gpt-5-4-mini-none
147,Meta: Llama 3.3 70B Instruct,Meta: Llama 3.3 70B Instruct (provider default),openrouter/meta-llama/llama-3.3-70b-instruct,provider default,hard_obvious_8x28_seed_20260531,84.8,79.5-88.9%,84.8,92.9,77.7,15.2,190,190,208,174,224,0,0,9391,9.39k,0.001051,0.000006,49,0.00,not_reported_or_zero,,results/summaries/paper-v1-8x28-current-222-20260602-keyed/runs/expand222-scaled-046-openrouter-154-meta-llama-llama-3-3-70b-instruct
148,Qwen: Qwen2.5 VL 72B Instruct,Qwen: Qwen2.5 VL 72B Instruct (provider default),openrouter/qwen/qwen2.5-vl-72b-instruct,provider default,hard_obvious_8x28_seed_20260531,84.8,79.5-88.9%,84.8,100.0,84.8,15.2,190,190,224,190,224,0,0,5118,5.12k,0.001381,0.000007,27,0.00,not_reported_or_zero,,results/summaries/paper-v1-8x28-current-222-20260602-keyed/runs/expand222-next-029-registry-openrouter-112-qwen-qwen2-5-vl-72b-instruct
149,Meta: Llama 3.1 70B Instruct,Meta: Llama 3.1 70B Instruct (provider default),openrouter/meta-llama/llama-3.1-70b-instruct,provider default,hard_obvious_8x28_seed_20260531,84.8,79.5-88.9%,84.8,94.6,79.5,15.2,190,190,212,178,224,0,0,7859,7.86k,0.0031436,0.00001655,41,0.00,not_reported_or_zero,,results/summaries/paper-v1-8x28-current-222-20260602-keyed/runs/expand222-scaled-057-openrouter-158-meta-llama-llama-3-1-70b-instruct
150,Meta: Llama 4 Maverick,Meta: Llama 4 Maverick (provider default),openrouter/meta-llama/llama-4-maverick,provider default,hard_obvious_8x28_seed_20260531,84.4,79.0-88.5%,84.4,86.2,70.5,15.6,189,189,193,158,224,0,0,4361,4.36k,0.000742,0.000004,23,0.00,not_reported_or_zero,,results/summaries/paper-v1-8x28-current-222-20260602-keyed/runs/expand222-next-026-registry-openrouter-106-meta-llama-llama-4-maverick
151,Mistral: Devstral 2 2512,Mistral: Devstral 2 2512 (provider default),openrouter/mistralai/devstral-2512,provider default,hard_obvious_8x28_seed_20260531,84.4,79.0-88.5%,84.4,87.5,71.9,15.6,189,189,196,161,224,0,0,3849,3.85k,0.0012132,0.00000642,20,0.00,not_reported_or_zero,,results/summaries/paper-v1-8x28-current-222-20260602-keyed/runs/expand222-next-051-registry-openrouter-092-mistralai-devstral-2512
152,DeepSeek: DeepSeek V3.1,DeepSeek: DeepSeek V3.1 (provider default),openrouter/deepseek/deepseek-chat-v3.1,provider default,hard_obvious_8x28_seed_20260531,84.4,79.0-88.5%,84.4,97.8,82.1,15.6,189,189,219,184,224,0,0,7171,7.17k,0.0017049,0.00000902,38,0.00,not_reported_or_zero,,results/summaries/paper-v1-8x28-current-222-20260602-keyed/runs/expand222-scaled-074-openrouter-145-deepseek-deepseek-chat-v3-1
153,Magnum v4 72B,Magnum v4 72B (provider default),openrouter/anthracite-org/magnum-v4-72b,provider default,hard_obvious_8x28_seed_20260531,84.4,79.0-88.5%,84.4,100.0,84.4,15.6,189,189,224,189,224,0,0,6277,6.28k,0.023437,0.00012401,33,0.00,not_reported_or_zero,,results/summaries/paper-v1-8x28-current-222-20260602-keyed/runs/expand222-next-072-registry-openrouter-114-anthracite-org-magnum-v4-72b
154,Qwen3 Next 80B A3B Instruct,Qwen3 Next 80B A3B Instruct (provider default),openrouter/qwen/qwen3-next-80b-a3b-instruct,provider default,hard_obvious_8x28_seed_20260531,83.9,78.6-88.2%,83.9,92.4,76.3,16.1,188,188,207,171,224,0,0,7740,7.74k,0.00133997,0.00000713,41,0.00,not_reported_or_zero,,results/summaries/paper-v1-8x28-current-222-20260602-keyed/runs/expand222-paper-openrouter-qwen3-next
155,Nous: Hermes 4 70B,Nous: Hermes 4 70B (provider default),openrouter/nousresearch/hermes-4-70b,provider default,hard_obvious_8x28_seed_20260531,83.9,78.6-88.2%,83.9,100.0,83.9,16.1,188,188,224,188,224,0,0,9960,9.96k,0.00143007,0.00000761,53,0.00,not_reported_or_zero,,results/summaries/paper-v1-8x28-current-222-20260602-keyed/runs/expand222-scaled-054-openrouter-143-nousresearch-hermes-4-70b
156,DeepSeek: DeepSeek V3.1 Terminus,DeepSeek: DeepSeek V3.1 Terminus (provider default),openrouter/deepseek/deepseek-v3.1-terminus,provider default,hard_obvious_8x28_seed_20260531,83.9,78.6-88.2%,83.9,97.8,82.1,16.1,188,188,219,184,224,0,0,7156,7.16k,0.00202464,0.00001077,38,0.00,not_reported_or_zero,,results/summaries/paper-v1-8x28-current-222-20260602-keyed/runs/expand222-scaled-081-openrouter-140-deepseek-deepseek-v3-1-terminus
157,NVIDIA: Nemotron Nano 9B V2,NVIDIA: Nemotron Nano 9B V2 (provider default),openrouter/nvidia/nemotron-nano-9b-v2,provider default,hard_obvious_8x28_seed_20260531,83.9,78.6-88.2%,83.9,92.4,76.3,16.1,188,188,207,171,224,0,0,63326,63.33k,0.009198,0.000049,337,0.87,reported,,results/summaries/paper-v1-8x28-current-222-20260602-keyed/runs/expand222-scaled-032-openrouter-047-nvidia-nemotron-nano-9b-v2
158,Cohere: Command A,Cohere: Command A (provider default),openrouter/cohere/command-a,provider default,hard_obvious_8x28_seed_20260531,83.9,78.6-88.2%,83.9,100.0,83.9,16.1,188,188,224,188,224,0,0,3745,3.75k,0.0105925,0.00005634,20,0.00,not_reported_or_zero,,results/summaries/paper-v1-8x28-current-222-20260602-keyed/runs/expand222-next-079-registry-openrouter-182-cohere-command-a
159,Mistral: Mistral Medium 3,Mistral: Mistral Medium 3 (thinking=medium),openrouter/mistralai/mistral-medium-3,thinking=medium,hard_obvious_8x28_seed_20260531,83.5,78.1-87.8%,83.5,83.0,66.5,16.5,187,187,186,149,224,0,0,3902,3.90k,0.0020584,0.00001101,21,0.00,not_reported_or_zero,,results/summaries/paper-v1-8x28-current-222-20260602-keyed/runs/expand222-next-054-registry-openrouter-175-mistralai-mistral-medium-3
160,Z.ai: GLM 4 32B ,Z.ai: GLM 4 32B  (provider default),openrouter/z-ai/glm-4-32b,provider default,hard_obvious_8x28_seed_20260531,83.0,77.6-87.4%,83.0,100.0,83.0,17.0,186,186,224,186,224,0,0,7256,7.26k,0.0007256,0.0000039,39,0.00,not_reported_or_zero,,results/summaries/paper-v1-8x28-current-222-20260602-keyed/runs/expand222-scaled-024-openrouter-052-z-ai-glm-4-32b
161,TheDrummer: Cydonia 24B V4.1,TheDrummer: Cydonia 24B V4.1 (provider default),openrouter/thedrummer/cydonia-24b-v4.1,provider default,hard_obvious_8x28_seed_20260531,83.0,77.6-87.4%,83.0,100.0,83.0,17.0,186,186,224,186,224,0,0,33253,33.25k,0.0046316,0.0000249,179,0.00,not_reported_or_zero,,results/summaries/paper-v1-8x28-current-222-20260602-keyed/runs/expand222-scaled-064-openrouter-044-thedrummer-cydonia-24b-v4-1
162,Qwen2.5 72B Instruct,Qwen2.5 72B Instruct (provider default),openrouter/qwen/qwen-2.5-72b-instruct,provider default,hard_obvious_8x28_seed_20260531,83.0,77.6-87.4%,83.0,88.4,71.4,17.0,186,186,198,160,224,0,0,17627,17.63k,0.00676668,0.00003638,95,0.00,not_reported_or_zero,,results/summaries/paper-v1-8x28-current-222-20260602-keyed/runs/expand222-scaled-055-openrouter-072-qwen-qwen-2-5-72b-instruct
163,Google: Gemma 3n 4B,Google: Gemma 3n 4B (provider default),openrouter/google/gemma-3n-e4b-it,provider default,hard_obvious_8x28_seed_20260531,82.6,77.1-87.0%,82.6,87.9,70.5,17.4,185,185,197,158,224,0,0,9437,9.44k,0.00060978,0.0000033,51,0.00,not_reported_or_zero,,results/summaries/paper-v1-8x28-current-222-20260602-keyed/runs/expand222-scaled-027-openrouter-056-google-gemma-3n-e4b-it
164,Mistral: Mistral Small 4,Mistral: Mistral Small 4 (provider default),openrouter/mistralai/mistral-small-2603,provider default,hard_obvious_8x28_seed_20260531,82.6,77.1-87.0%,82.6,89.3,71.9,17.4,185,185,200,161,224,0,0,4863,4.86k,0.00083913,0.00000454,26,0.00,not_reported_or_zero,,results/summaries/paper-v1-8x28-current-222-20260602-keyed/runs/expand222-next-025-registry-openrouter-085-mistralai-mistral-small-2603
165,Mistral: Mistral Small 3,Mistral: Mistral Small 3 (provider default),openrouter/mistralai/mistral-small-24b-instruct-2501,provider default,hard_obvious_8x28_seed_20260531,82.1,76.6-86.6%,82.1,98.2,80.4,17.9,184,184,220,180,224,0,0,31120,31.12k,0.00157211,0.00000854,169,0.00,not_reported_or_zero,,results/summaries/paper-v1-8x28-current-222-20260602-keyed/runs/expand222-scaled-019-openrouter-065-mistralai-mistral-small-24b-instruct-2501
166,Meta: Llama 3 70B Instruct,Meta: Llama 3 70B Instruct (provider default),openrouter/meta-llama/llama-3-70b-instruct,provider default,hard_obvious_8x28_seed_20260531,82.1,76.6-86.6%,82.1,100.0,82.1,17.9,184,184,224,184,224,0,0,8052,8.05k,0.00422497,0.00002296,44,0.00,not_reported_or_zero,,results/summaries/paper-v1-8x28-current-222-20260602-keyed/runs/expand222-scaled-069-openrouter-160-meta-llama-llama-3-70b-instruct
167,TheDrummer: Skyfall 36B V2,TheDrummer: Skyfall 36B V2 (provider default),openrouter/thedrummer/skyfall-36b-v2,provider default,hard_obvious_8x28_seed_20260531,82.1,76.6-86.6%,82.1,100.0,82.1,17.9,184,184,224,184,224,0,0,33260,33.26k,0.0077064,0.00004188,181,0.00,not_reported_or_zero,,results/summaries/paper-v1-8x28-current-222-20260602-keyed/runs/expand222-scaled-076-openrouter-151-thedrummer-skyfall-36b-v2
168,Qwen: Qwen3 Coder Plus,Qwen: Qwen3 Coder Plus (provider default),openrouter/qwen/qwen3-coder-plus,provider default,hard_obvious_8x28_seed_20260531,82.1,76.6-86.6%,82.1,95.1,77.2,17.9,184,184,213,173,224,0,0,14319,14.32k,0.03620435,0.00019676,78,0.00,not_reported_or_zero,,results/summaries/paper-v1-8x28-current-222-20260602-keyed/runs/expand222-next-061-registry-openrouter-139-qwen-qwen3-coder-plus
169,Qwen: Qwen3 VL 30B A3B Instruct,Qwen: Qwen3 VL 30B A3B Instruct (provider default),openrouter/qwen/qwen3-vl-30b-a3b-instruct,provider default,hard_obvious_8x28_seed_20260531,81.7,76.1-86.2%,81.7,94.2,75.9,18.3,183,183,211,170,224,0,0,4538,4.54k,0.0008099,0.00000443,25,0.00,not_reported_or_zero,,results/summaries/paper-v1-8x28-current-222-20260602-keyed/runs/expand222-next-022-registry-openrouter-099-qwen-qwen3-vl-30b-a3b-instruct
170,Mistral: Mistral Medium 3.1,Mistral: Mistral Medium 3.1 (thinking=medium),openrouter/mistralai/mistral-medium-3.1,thinking=medium,hard_obvious_8x28_seed_20260531,81.7,76.1-86.2%,81.7,87.9,69.6,18.3,183,183,197,156,224,0,0,3850,3.85k,0.0019544,0.00001068,21,0.00,not_reported_or_zero,,results/summaries/paper-v1-8x28-current-222-20260602-keyed/runs/expand222-next-052-registry-openrouter-172-mistralai-mistral-medium-3-1
171,WizardLM-2 8x22B,WizardLM-2 8x22B (provider default),openrouter/microsoft/wizardlm-2-8x22b,provider default,hard_obvious_8x28_seed_20260531,81.7,76.1-86.2%,81.7,81.2,62.9,18.3,183,183,182,141,224,0,0,14388,14.39k,0.008881,0.000049,79,0.00,not_reported_or_zero,,results/summaries/paper-v1-8x28-current-222-20260602-keyed/runs/expand222-scaled-066-openrouter-077-microsoft-wizardlm-2-8x22b
172,Mistral: Mixtral 8x22B Instruct,Mistral: Mixtral 8x22B Instruct (provider default),openrouter/mistralai/mixtral-8x22b-instruct,provider default,hard_obvious_8x28_seed_20260531,81.7,76.1-86.2%,81.7,88.4,70.1,18.3,183,183,198,157,224,0,0,4863,4.86k,0.0103564,0.00005659,27,0.00,not_reported_or_zero,,results/summaries/paper-v1-8x28-current-222-20260602-keyed/runs/expand222-next-073-registry-openrouter-115-mistralai-mixtral-8x22b-instruct
173,AI21: Jamba Large 1.7,AI21: Jamba Large 1.7 (provider default),openrouter/ai21/jamba-large-1.7,provider default,hard_obvious_8x28_seed_20260531,81.7,76.1-86.2%,81.7,78.6,60.3,18.3,183,183,176,135,224,0,0,4868,4.87k,0.012172,0.00006651,27,0.00,not_reported_or_zero,,results/summaries/paper-v1-8x28-current-222-20260602-keyed/runs/expand222-next-076-registry-openrouter-181-ai21-jamba-large-1-7
174,Mistral: Mistral Small 3.2 24B,Mistral: Mistral Small 3.2 24B (provider default),openrouter/mistralai/mistral-small-3.2-24b-instruct,provider default,hard_obvious_8x28_seed_20260531,81.2,75.6-85.8%,81.2,87.5,68.8,18.8,182,182,196,154,224,0,0,3850,3.85k,0.000292,0.000002,21,0.00,not_reported_or_zero,,results/summaries/paper-v1-8x28-current-222-20260602-keyed/runs/expand222-next-007-registry-openrouter-104-mistralai-mistral-small-3-2-24b-instruct
175,IBM: Granite 4.1 8B,IBM: Granite 4.1 8B (provider default),openrouter/ibm-granite/granite-4.1-8b,provider default,hard_obvious_8x28_seed_20260531,81.2,75.6-85.8%,81.2,96.9,78.1,18.8,182,182,217,175,224,0,0,8914,8.91k,0.00051225,0.00000281,49,0.00,not_reported_or_zero,,results/summaries/paper-v1-8x28-current-222-20260602-keyed/runs/expand222-scaled-021-openrouter-026-ibm-granite-granite-4-1-8b
176,OpenAI GPT-5 nano minimal,OpenAI GPT-5 nano minimal (thinking=minimal),openai/gpt-5-nano,thinking=minimal,hard_obvious_8x28_seed_20260531,81.2,75.6-85.8%,81.2,99.6,80.8,18.8,182,182,223,181,224,0,0,10047,10.05k,0.0016675,0.00000916,55,0.00,not_reported_or_zero,,results/summaries/paper-v1-8x28-current-222-20260602-keyed/runs/expand222-paper-openai-gpt-5-nano-minimal
177,Qwen: Qwen3 30B A3B Instruct 2507,Qwen: Qwen3 30B A3B Instruct 2507 (provider default),openrouter/qwen/qwen3-30b-a3b-instruct-2507,provider default,hard_obvious_8x28_seed_20260531,81.2,75.6-85.8%,81.2,87.9,69.2,18.8,182,182,197,155,224,0,0,17799,17.80k,0.002047,0.000011,98,0.00,not_reported_or_zero,,results/summaries/paper-v1-8x28-current-222-20260602-keyed/runs/expand222-scaled-033-openrouter-051-qwen-qwen3-30b-a3b-instruct-2507
178,Google: Gemma 3 27B,Google: Gemma 3 27B (provider default),openrouter/google/gemma-3-27b-it,provider default,hard_obvious_8x28_seed_20260531,80.8,75.1-85.4%,80.8,87.5,68.3,19.2,181,181,196,153,224,0,0,12136,12.14k,0.000917,0.000005,67,0.00,not_reported_or_zero,,results/summaries/paper-v1-8x28-cost-telemetry-rerun2-20260603/runs/expand222-next-006-registry-openrouter-111-google-gemma-3-27b-it
179,Mistral: Mistral Medium 3.5,Mistral: Mistral Medium 3.5 (thinking=medium),openrouter/mistralai/mistral-medium-3-5,thinking=medium,hard_obvious_8x28_seed_20260531,80.8,75.1-85.4%,80.8,100.0,80.8,19.2,181,181,224,181,224,0,0,4858,4.86k,0.008481,0.000047,27,0.00,not_reported_or_zero,,results/summaries/paper-v1-8x28-current-222-20260602-keyed/runs/expand222-next-075-registry-openrouter-183-mistralai-mistral-medium-3-5
180,Mistral: Voxtral Small 24B 2507,Mistral: Voxtral Small 24B 2507 (provider default),openrouter/mistralai/voxtral-small-24b-2507,provider default,hard_obvious_8x28_seed_20260531,80.4,74.7-85.0%,80.4,100.0,80.4,19.6,180,180,224,180,224,0,0,3848,3.85k,0.0002071,0.00000115,21,0.00,not_reported_or_zero,,results/summaries/paper-v1-8x28-current-222-20260602-keyed/runs/expand222-next-015-registry-openrouter-096-mistralai-voxtral-small-24b-2507
181,OpenAI GPT-5 nano minimal,OpenAI GPT-5 nano minimal (thinking=minimal),openai/gpt-5-nano,thinking=minimal,hard_obvious_8x28_seed_20260531,80.4,74.7-85.0%,80.4,99.6,79.9,19.6,180,180,223,179,224,0,0,5458,5.46k,0.0008672,0.00000482,30,0.00,not_reported_or_zero,,results/summaries/paper-v1-8x28-current-222-20260602-keyed/runs/expand222-next-087-thinking-openai-gpt-5-nano-minimal
182,Mistral: Saba,Mistral: Saba (provider default),openrouter/mistralai/mistral-saba,provider default,hard_obvious_8x28_seed_20260531,80.4,74.7-85.0%,80.4,88.8,69.2,19.6,180,180,199,155,224,0,0,4867,4.87k,0.0010502,0.00000583,27,0.00,not_reported_or_zero,,results/summaries/paper-v1-8x28-current-222-20260602-keyed/runs/expand222-next-027-registry-openrouter-176-mistralai-mistral-saba
183,OpenAI GPT-5.4 nano no thinking,OpenAI GPT-5.4 nano no thinking (thinking=none/none),openai/gpt-5.4-nano,thinking=none/none,hard_obvious_8x28_seed_20260531,80.4,74.7-85.0%,80.4,100.0,80.4,19.6,180,180,224,180,224,0,0,4265,4.26k,0.00138325,0.00000768,24,0.00,not_reported_or_zero,,results/summaries/paper-v1-8x28-current-222-20260602-keyed/runs/expand222-next-037-registry-openai-gpt-5-4-nano-none
184,Meta: Llama 3.1 8B Instruct,Meta: Llama 3.1 8B Instruct (provider default),openrouter/meta-llama/llama-3.1-8b-instruct,provider default,hard_obvious_8x28_seed_20260531,79.9,74.2-84.6%,79.9,98.7,78.6,20.1,179,179,221,176,224,0,0,8307,8.31k,0.00018186,0.00000102,46,0.00,not_reported_or_zero,,results/summaries/paper-v1-8x28-current-222-20260602-keyed/runs/expand222-scaled-016-openrouter-073-meta-llama-llama-3-1-8b-instruct
185,Qwen: Qwen3 8B,Qwen: Qwen3 8B (provider default),openrouter/qwen/qwen3-8b,provider default,hard_obvious_8x28_seed_20260531,79.9,74.2-84.6%,79.9,90.2,70.1,20.1,179,179,202,157,224,0,0,49288,49.29k,0.017229,0.000096,275,0.97,reported,,results/summaries/paper-v1-8x28-current-222-final-20260602/cumulative-cost-runs/expand222-scaled-050-openrouter-058-qwen-qwen3-8b
186,Mistral: Codestral 2508,Mistral: Codestral 2508 (provider default),openrouter/mistralai/codestral-2508,provider default,hard_obvious_8x28_seed_20260531,79.0,73.2-83.8%,79.0,87.9,67.0,21.0,177,177,197,150,224,0,0,3855,3.85k,0.0013149,0.00000743,22,0.00,not_reported_or_zero,,results/summaries/paper-v1-8x28-current-222-20260602-keyed/runs/expand222-next-034-registry-openrouter-174-mistralai-codestral-2508
187,Meta: Llama 4 Scout,Meta: Llama 4 Scout (provider default),openrouter/meta-llama/llama-4-scout,provider default,hard_obvious_8x28_seed_20260531,78.6,72.7-83.4%,78.6,80.4,58.9,21.4,176,176,180,132,224,0,0,4372,4.37k,0.00040564,0.0000023,25,0.00,not_reported_or_zero,,results/summaries/paper-v1-8x28-current-222-20260602-keyed/runs/expand222-next-012-registry-openrouter-107-meta-llama-llama-4-scout
188,Mistral: Ministral 3 8B 2512,Mistral: Ministral 3 8B 2512 (provider default),openrouter/mistralai/ministral-8b-2512,provider default,hard_obvious_8x28_seed_20260531,78.6,72.7-83.4%,78.6,87.9,66.5,21.4,176,176,197,149,224,0,0,3856,3.86k,0.0005784,0.00000329,22,0.00,not_reported_or_zero,,results/summaries/paper-v1-8x28-current-222-20260602-keyed/runs/expand222-next-008-registry-openrouter-094-mistralai-ministral-8b-2512
189,Meta: Llama 3.2 11B Vision Instruct,Meta: Llama 3.2 11B Vision Instruct (provider default),openrouter/meta-llama/llama-3.2-11b-vision-instruct,provider default,hard_obvious_8x28_seed_20260531,78.6,72.7-83.4%,78.6,98.7,77.2,21.4,176,176,221,173,224,0,0,4354,4.35k,0.00106673,0.00000606,25,0.00,not_reported_or_zero,,results/summaries/paper-v1-8x28-current-222-20260602-keyed/runs/expand222-next-018-registry-openrouter-177-meta-llama-llama-3-2-11b-vision-instruct
190,IBM: Granite 4.0 Micro,IBM: Granite 4.0 Micro (provider default),openrouter/ibm-granite/granite-4.0-h-micro,provider default,hard_obvious_8x28_seed_20260531,78.1,72.3-83.0%,78.1,100.0,78.1,21.9,175,175,224,175,224,0,0,10877,10.88k,0.00023355,0.00000133,62,0.00,not_reported_or_zero,,results/summaries/paper-v1-8x28-current-222-20260602-keyed/runs/expand222-scaled-025-openrouter-041-ibm-granite-granite-4-0-h-micro
191,Sao10K: Llama 3 8B Lunaris,Sao10K: Llama 3 8B Lunaris (provider default),openrouter/sao10k/l3-lunaris-8b,provider default,hard_obvious_8x28_seed_20260531,77.7,71.8-82.6%,77.7,100.0,77.7,22.3,174,174,224,174,224,0,0,7820,7.82k,0.00031696,0.00000182,45,0.00,not_reported_or_zero,,results/summaries/paper-v1-8x28-current-222-20260602-keyed/runs/expand222-scaled-017-openrouter-121-sao10k-l3-lunaris-8b
192,Google: Gemma 3 4B,Google: Gemma 3 4B (provider default),openrouter/google/gemma-3-4b-it,provider default,hard_obvious_8x28_seed_20260531,77.2,71.3-82.2%,77.2,87.9,65.2,22.8,173,173,197,146,224,0,0,4544,4.54k,0.00019468,0.00000113,26,0.00,not_reported_or_zero,,results/summaries/paper-v1-8x28-current-222-20260602-keyed/runs/expand222-next-001-registry-openrouter-109-google-gemma-3-4b-it
193,Mistral: Ministral 3 14B 2512,Mistral: Ministral 3 14B 2512 (provider default),openrouter/mistralai/ministral-14b-2512,provider default,hard_obvious_8x28_seed_20260531,77.2,71.3-82.2%,77.2,87.5,64.7,22.8,173,173,196,145,224,0,0,13899,13.90k,0.0027798,0.00001607,80,0.00,not_reported_or_zero,,results/summaries/paper-v1-8x28-current-222-20260602-keyed/runs/expand222-next-014-registry-openrouter-093-mistralai-ministral-14b-2512
194,TheDrummer: UnslopNemo 12B,TheDrummer: UnslopNemo 12B (provider default),openrouter/thedrummer/unslopnemo-12b,provider default,hard_obvious_8x28_seed_20260531,76.8,70.8-81.8%,76.8,100.0,76.8,23.2,172,172,224,172,224,0,0,7433,7.43k,0.0029732,0.00001729,43,0.00,not_reported_or_zero,,results/summaries/paper-v1-8x28-current-222-20260602-keyed/runs/expand222-scaled-056-openrouter-068-thedrummer-unslopnemo-12b
195,Microsoft: Phi 4,Microsoft: Phi 4 (provider default),openrouter/microsoft/phi-4,provider default,hard_obvious_8x28_seed_20260531,76.3,70.4-81.4%,76.3,67.9,44.2,23.7,171,171,152,99,224,0,0,8959,8.96k,0.00071539,0.00000418,52,0.00,not_reported_or_zero,,results/summaries/paper-v1-8x28-current-222-20260602-keyed/runs/expand222-scaled-028-openrouter-066-microsoft-phi-4
196,LiquidAI: LFM2-24B-A2B,LiquidAI: LFM2-24B-A2B (provider default),openrouter/liquid/lfm-2-24b-a2b,provider default,hard_obvious_8x28_seed_20260531,75.9,69.9-81.0%,75.9,100.0,75.9,24.1,170,170,224,170,224,0,0,8031,8.03k,0.00028611,0.00000168,47,0.00,not_reported_or_zero,,results/summaries/paper-v1-8x28-current-222-20260602-keyed/runs/expand222-scaled-026-openrouter-030-liquid-lfm-2-24b-a2b
197,Qwen: Qwen3 VL 8B Instruct,Qwen: Qwen3 VL 8B Instruct (provider default),openrouter/qwen/qwen3-vl-8b-instruct,provider default,hard_obvious_8x28_seed_20260531,75.9,69.9-81.0%,75.9,100.0,75.9,24.1,170,170,224,170,224,0,0,4449,4.45k,0.000554,0.000003,26,0.00,not_reported_or_zero,,results/summaries/paper-v1-8x28-current-222-20260602-keyed/runs/expand222-next-021-registry-openrouter-098-qwen-qwen3-vl-8b-instruct
198,Tencent: Hunyuan A13B Instruct,Tencent: Hunyuan A13B Instruct (provider default),openrouter/tencent/hunyuan-a13b-instruct,provider default,hard_obvious_8x28_seed_20260531,75.9,69.9-81.0%,75.9,100.0,75.9,24.1,170,170,224,170,224,0,0,7638,7.64k,0.00129937,0.00000764,45,0.00,not_reported_or_zero,,results/summaries/paper-v1-8x28-current-222-20260602-keyed/runs/expand222-scaled-065-openrouter-054-tencent-hunyuan-a13b-instruct
199,DeepSeek: DeepSeek V3 0324,DeepSeek: DeepSeek V3 0324 (provider default),openrouter/deepseek/deepseek-chat-v3-0324,provider default,hard_obvious_8x28_seed_20260531,75.4,69.4-80.6%,75.4,68.8,51.8,24.6,169,169,154,116,224,0,0,7915,7.92k,0.00236162,0.00001397,47,0.00,not_reported_or_zero,,results/summaries/paper-v1-8x28-current-222-20260602-keyed/runs/expand222-scaled-070-openrouter-150-deepseek-deepseek-chat-v3-0324
200,ByteDance: UI-TARS 7B ,ByteDance: UI-TARS 7B  (provider default),openrouter/bytedance/ui-tars-1.5-7b,provider default,hard_obvious_8x28_seed_20260531,75.0,68.9-80.2%,75.0,100.0,75.0,25.0,168,168,224,168,224,0,0,5160,5.16k,0.0004093,0.00000244,31,0.00,not_reported_or_zero,,results/summaries/paper-v1-8x28-current-222-20260602-keyed/runs/expand222-next-009-registry-openrouter-102-bytedance-ui-tars-1-5-7b
201,Qwen: Qwen2.5 7B Instruct,Qwen: Qwen2.5 7B Instruct (provider default),openrouter/qwen/qwen-2.5-7b-instruct,provider default,hard_obvious_8x28_seed_20260531,75.0,68.9-80.2%,75.0,100.0,75.0,25.0,168,168,224,168,224,0,0,10831,10.83k,0.00046666,0.00000278,64,0.00,not_reported_or_zero,,results/summaries/paper-v1-8x28-current-222-20260602-keyed/runs/expand222-scaled-020-openrouter-069-qwen-qwen-2-5-7b-instruct
202,Google: Gemma 2 27B,Google: Gemma 2 27B (provider default),openrouter/google/gemma-2-27b-it,provider default,hard_obvious_8x28_seed_20260531,75.0,68.9-80.2%,75.0,87.9,75.0,25.0,168,168,197,168,224,0,0,8391,8.39k,0.00545415,0.00003247,50,0.00,not_reported_or_zero,,results/summaries/paper-v1-8x28-current-222-20260602-keyed/runs/expand222-scaled-068-openrouter-074-google-gemma-2-27b-it
203,Mistral: Mistral Nemo,Mistral: Mistral Nemo (provider default),openrouter/mistralai/mistral-nemo,provider default,hard_obvious_8x28_seed_20260531,74.6,68.5-79.8%,74.6,100.0,74.6,25.4,167,167,224,167,224,0,0,7231,7.23k,0.000149,0.00000089,43,0.00,not_reported_or_zero,,results/summaries/paper-v1-8x28-current-222-20260602-keyed/runs/expand222-scaled-013-openrouter-159-mistralai-mistral-nemo
204,DeepSeek: DeepSeek V3,DeepSeek: DeepSeek V3 (provider default),openrouter/deepseek/deepseek-chat,provider default,hard_obvious_8x28_seed_20260531,74.1,68.0-79.4%,74.1,70.5,56.2,25.9,166,166,158,126,224,0,0,7431,7.43k,0.0024626,0.00001483,45,0.00,not_reported_or_zero,,results/summaries/paper-v1-8x28-current-222-20260602-keyed/runs/expand222-scaled-077-openrouter-153-deepseek-deepseek-chat
205,EssentialAI: Rnj 1 Instruct,EssentialAI: Rnj 1 Instruct (provider default),openrouter/essentialai/rnj-1-instruct,provider default,hard_obvious_8x28_seed_20260531,72.3,66.1-77.8%,72.3,72.3,45.1,27.7,162,162,162,101,224,0,0,13244,13.24k,0.0019866,0.00001226,82,0.00,not_reported_or_zero,,results/summaries/paper-v1-8x28-current-222-20260602-keyed/runs/expand222-scaled-031-openrouter-133-essentialai-rnj-1-instruct
206,Mistral: Ministral 3 3B 2512,Mistral: Ministral 3 3B 2512 (provider default),openrouter/mistralai/ministral-3b-2512,provider default,hard_obvious_8x28_seed_20260531,71.9,65.7-77.4%,71.9,87.9,59.8,28.1,161,161,197,134,224,0,0,3903,3.90k,0.0003903,0.00000242,24,0.00,not_reported_or_zero,,results/summaries/paper-v1-8x28-current-222-20260602-keyed/runs/expand222-next-004-registry-openrouter-095-mistralai-ministral-3b-2512
207,NousResearch: Hermes 2 Pro - Llama-3 8B,NousResearch: Hermes 2 Pro - Llama-3 8B (provider default),openrouter/nousresearch/hermes-2-pro-llama-3-8b,provider default,hard_obvious_8x28_seed_20260531,71.9,65.7-77.4%,71.9,96.0,67.9,28.1,161,161,215,152,224,0,0,15096,15.10k,0.00211344,0.00001313,94,0.00,not_reported_or_zero,,results/summaries/paper-v1-8x28-current-222-20260602-keyed/runs/expand222-scaled-029-openrouter-075-nousresearch-hermes-2-pro-llama-3-8b
208,TheDrummer: Rocinante 12B,TheDrummer: Rocinante 12B (provider default),openrouter/thedrummer/rocinante-12b,provider default,hard_obvious_8x28_seed_20260531,71.9,65.7-77.4%,71.9,74.1,46.4,28.1,161,161,166,104,224,0,0,12181,12.18k,0.00278265,0.00001728,76,0.00,not_reported_or_zero,,results/summaries/paper-v1-8x28-current-222-20260602-keyed/runs/expand222-scaled-059-openrouter-070-thedrummer-rocinante-12b
209,ReMM SLERP 13B,ReMM SLERP 13B (provider default),openrouter/undi95/remm-slerp-l2-13b,provider default,hard_obvious_8x28_seed_20260531,71.0,64.7-76.5%,71.0,87.1,58.0,29.0,159,159,195,130,224,0,0,13086,13.09k,0.0060685,0.00003817,82,0.00,not_reported_or_zero,,results/summaries/paper-v1-8x28-current-222-20260602-keyed/runs/expand222-scaled-067-openrouter-078-undi95-remm-slerp-l2-13b
210,MythoMax 13B,MythoMax 13B (provider default),openrouter/gryphe/mythomax-l2-13b,provider default,hard_obvious_8x28_seed_20260531,70.1,63.8-75.7%,70.1,82.6,52.7,29.9,157,157,185,118,224,0,0,13182,13.18k,0.00079092,0.00000504,84,0.00,not_reported_or_zero,,results/summaries/paper-v1-8x28-current-222-20260602-keyed/runs/expand222-scaled-018-openrouter-079-gryphe-mythomax-l2-13b
211,Meta: Llama 3 8B Instruct,Meta: Llama 3 8B Instruct (provider default),openrouter/meta-llama/llama-3-8b-instruct,provider default,hard_obvious_8x28_seed_20260531,69.2,62.9-74.9%,69.2,99.6,68.8,30.8,155,155,223,154,224,0,0,7972,7.97k,0.00031888,0.000002,51,0.00,not_reported_or_zero,,results/summaries/paper-v1-8x28-current-222-final-20260602/cumulative-cost-runs/expand222-scaled-015-openrouter-076-meta-llama-llama-3-8b-instruct
212,Microsoft: Phi 4 Mini Instruct,Microsoft: Phi 4 Mini Instruct (provider default),openrouter/microsoft/phi-4-mini-instruct,provider default,hard_obvious_8x28_seed_20260531,68.3,61.9-74.0%,68.3,81.7,50.0,31.7,153,153,183,112,224,0,0,36982,36.98k,0.01124983,0.00007353,242,0.00,not_reported_or_zero,,results/summaries/paper-v1-8x28-current-222-20260602-keyed/runs/expand222-scaled-049-openrouter-042-microsoft-phi-4-mini-instruct
213,Qwen: Qwen3 Coder Flash,Qwen: Qwen3 Coder Flash (provider default),openrouter/qwen/qwen3-coder-flash,provider default,hard_obvious_8x28_seed_20260531,67.4,61.0-73.2%,67.4,89.7,57.1,32.6,151,151,201,128,224,0,0,14406,14.41k,0.00603369,0.00003996,95,0.00,not_reported_or_zero,,results/summaries/paper-v1-8x28-cost-telemetry-rerun2-20260603/runs/expand222-scaled-083-openrouter-045-qwen-qwen3-coder-flash
214,Qwen: Qwen3 Coder 30B A3B Instruct,Qwen: Qwen3 Coder 30B A3B Instruct (provider default),openrouter/qwen/qwen3-coder-30b-a3b-instruct,provider default,hard_obvious_8x28_seed_20260531,66.5,60.1-72.4%,66.5,93.3,59.8,33.5,149,149,209,134,224,0,0,4314,4.31k,0.00036998,0.00000248,29,0.00,not_reported_or_zero,,results/summaries/paper-v1-8x28-current-222-20260602-keyed/runs/expand222-scaled-040-openrouter-050-qwen-qwen3-coder-30b-a3b-instruct
215,Reka Edge,Reka Edge (provider default),openrouter/rekaai/reka-edge,provider default,hard_obvious_8x28_seed_20260531,53.6,47.0-60.0%,53.6,95.1,48.7,46.4,120,120,213,109,224,0,0,14066,14.07k,0.001275,0.000011,117,0.00,not_reported_or_zero,,results/summaries/paper-v1-8x28-current-222-20260602-keyed/runs/expand222-next-005-registry-openrouter-167-rekaai-reka-edge
216,AionLabs: Aion-RP 1.0 (8B),AionLabs: Aion-RP 1.0 (8B) (provider default),openrouter/aion-labs/aion-rp-llama-3.1-8b,provider default,hard_obvious_8x28_seed_20260531,53.6,47.0-60.0%,53.6,74.1,42.9,46.4,120,120,166,96,224,0,0,10298,10.30k,0.0108424,0.00009035,86,0.00,not_reported_or_zero,,results/summaries/paper-v1-8x28-current-222-20260602-keyed/runs/expand222-scaled-092-openrouter-064-aion-labs-aion-rp-llama-3-1-8b
217,OpenAI GPT-OSS 20B,OpenAI GPT-OSS 20B (provider default),openrouter/openai/gpt-oss-20b,provider default,hard_obvious_8x28_seed_20260531,48.7,42.2-55.2%,48.7,100.0,48.7,51.3,109,109,224,109,224,0,0,25225,25.23k,0.001716,0.000016,231,0.84,reported,,results/summaries/paper-v1-8x28-current-222-20260602-keyed/runs/expand222-paper-openrouter-gpt-oss-20b
218,DeepSeek: R1 Distill Qwen 32B,DeepSeek: R1 Distill Qwen 32B (provider default),openrouter/deepseek/deepseek-r1-distill-qwen-32b,provider default,hard_obvious_8x28_seed_20260531,43.8,37.4-50.3%,43.8,43.8,10.3,56.2,98,98,98,23,224,0,0,68416,68.42k,0.019841,0.000202,698,1.34,reported,,results/summaries/paper-v1-8x28-current-222-20260602-keyed/runs/expand222-scaled-042-openrouter-120-deepseek-deepseek-r1-distill-qwen-32b
219,Gemini 3.5 Flash,Gemini 3.5 Flash (provider default),google/gemini-3.5-flash,provider default,hard_obvious_8x28_seed_20260531,39.3,33.1-45.8%,39.3,87.5,39.3,60.7,88,88,196,88,224,0,0,15355,15.36k,0.090615,0.00103,174,62.46,reported,,results/summaries/paper-v1-8x28-current-222-20260602-keyed/runs/expand222-paper-gemini-3-5-flash
220,Meta: Llama 3.2 1B Instruct,Meta: Llama 3.2 1B Instruct (provider default),openrouter/meta-llama/llama-3.2-1b-instruct,provider default,hard_obvious_8x28_seed_20260531,35.7,29.7-42.2%,35.7,98.7,34.4,64.3,80,80,221,77,224,0,0,8199,8.20k,0.00033656,0.00000421,102,0.00,not_reported_or_zero,,results/summaries/paper-v1-8x28-current-222-20260602-keyed/runs/expand222-scaled-037-openrouter-155-meta-llama-llama-3-2-1b-instruct
221,NVIDIA Nemotron 3 Nano 30B A3B,NVIDIA Nemotron 3 Nano 30B A3B (provider default),openrouter/nvidia/nemotron-3-nano-30b-a3b,provider default,hard_obvious_8x28_seed_20260531,24.1,19.0-30.1%,24.1,64.7,18.3,75.9,54,54,145,41,224,0,0,17897,17.90k,0.002322,0.000043,331,0.13,reported,,results/summaries/paper-v1-8x28-current-222-20260602-keyed/runs/expand222-paper-openrouter-nemotron-3-nano
222,Meta: Llama Guard 4 12B,Meta: Llama Guard 4 12B (provider default),openrouter/meta-llama/llama-guard-4-12b,provider default,hard_obvious_8x28_seed_20260531,0.0,0.0-1.7%,0.0,65.2,0.0,100.0,0,0,146,0,224,0,0,20666,20.67k,0.00371988,,,0.00,not_reported_or_zero,,results/summaries/paper-v1-8x28-current-222-20260602-keyed/runs/expand222-next-011-registry-openrouter-105-meta-llama-llama-guard-4-12b
223,Baidu: ERNIE 4.5 300B A47B ,Baidu: ERNIE 4.5 300B A47B  (provider default),openrouter/baidu/ernie-4.5-300b-a47b,provider default,hard_obvious_8x28_seed_20260531,0.0,0.0-1.7%,0.0,0.0,0.0,100.0,0,0,0,0,224,224,0,0,0.00k,0,,,0.00,not_reported_or_zero,,results/summaries/paper-v1-8x28-current-222-20260602-keyed/runs/expand222-scaled-088-openrouter-055-baidu-ernie-4-5-300b-a47b
