model_entry_id,label,inspect_model,provider_model,reasoning_effort,model_setting_key,items,complete_items,attempt_rows,valid_attempts,strict_correct_attempts,strict_attempt_accuracy,strict_pass3_items,strict_pass3_accuracy,strict_pass3_ci_low,strict_pass3_ci_high,answer_pass3_items,answer_pass3_accuracy,format_pass3_items,format_pass3_accuracy,strict_any3_items,strict_any3_accuracy,provider_errors,timeouts,input_tokens,output_tokens,reasoning_tokens,cache_read_tokens,cache_write_tokens,total_tokens,estimated_cost_usd,manual_adjusted_attempts,complete_for_pass3
requested-042-anthropic-claude-3-haiku-default,Anthropic: Claude 3 Haiku,openrouter/anthropic/claude-3-haiku,anthropic/claude-3-haiku,default,openrouter-anthropic-claude-3-haiku:6aad94ffc138946a,144,144,432,432,232,0.537037,64,0.444444,0.365777,0.525999,64,0.444444,141,0.979167,93,0.645833,0,0,21435,2534,0,0,0,23969,0.00852625,0,True
requested-043-anthropic-claude-3-5-haiku-default,Anthropic: Claude 3.5 Haiku,openrouter/anthropic/claude-3.5-haiku,anthropic/claude-3.5-haiku,default,openrouter-anthropic-claude-3-5-haiku:5f6e8cbb75d7bea1,144,144,432,432,280,0.648148,85,0.590278,0.508625,0.667239,85,0.590278,142,0.986111,103,0.715278,0,0,21435,3035,0,0,0,24470,0.029288,0,True
manual-20260701-anthropic-claude-fable-5-low,Anthropic Claude Fable 5 low,anthropic/claude-fable-5,anthropic/claude-fable-5,low,anthropic-claude-fable-5:e077652f9fcf4486,144,144,432,432,427,0.988426,141,0.979167,0.940542,0.99289,142,0.986111,143,0.993056,143,0.993056,0,0,28272,6360,6632,0,0,34632,0.59601,12,True
manual-20260701-anthropic-claude-fable-5-medium,Anthropic Claude Fable 5 medium,anthropic/claude-fable-5,anthropic/claude-fable-5,medium,anthropic-claude-fable-5:b7732520ec599e51,144,144,432,432,426,0.986111,141,0.979167,0.940542,0.99289,141,0.979167,143,0.993056,143,0.993056,0,0,28272,8951,9533,0,0,37223,0.72341,12,True
manual-20260701-anthropic-claude-fable-5-high,Anthropic Claude Fable 5 high,anthropic/claude-fable-5,anthropic/claude-fable-5,high,anthropic-claude-fable-5:1bcf008f23ca2ac5,144,144,432,432,428,0.990741,142,0.986111,0.950777,0.996183,143,0.993056,143,0.993056,143,0.993056,0,0,28272,11607,12533,0,0,39879,0.853555,15,True
manual-20260701-anthropic-claude-fable-5-xhigh,Anthropic Claude Fable 5 xhigh,anthropic/claude-fable-5,anthropic/claude-fable-5,xhigh,anthropic-claude-fable-5:db1757c62151bca3,144,144,432,432,428,0.990741,142,0.986111,0.950777,0.996183,142,0.986111,144,1.0,143,0.993056,0,0,28272,14938,15321,0,0,43210,1.012335,19,True
manual-20260701-anthropic-claude-fable-5-max,Anthropic Claude Fable 5 max,anthropic/claude-fable-5,anthropic/claude-fable-5,max,anthropic-claude-fable-5:3318474fab2a92ce,144,144,432,432,429,0.993056,143,0.993056,0.961715,0.998773,143,0.993056,144,1.0,143,0.993056,0,0,28272,44842,24631,0,0,73114,2.400265,41,True
old-5-anthropic-claude-haiku-4-5,Anthropic Claude Haiku 4.5,anthropic/claude-haiku-4-5,anthropic/claude-haiku-4.5,default,anthropic-claude-haiku-4-5:72a6718c6c03bacb,144,144,432,432,286,0.662037,87,0.604167,0.522585,0.680335,94,0.652778,136,0.944444,104,0.722222,0,0,21435,4095,0,0,0,25530,0.04191,0,True
manual-20260612-anthropic-claude-haiku-4-5-high-budget-8192,Anthropic Claude Haiku 4.5 high_budget_8192,anthropic/claude-haiku-4-5,anthropic/claude-haiku-4.5,high_budget_8192,anthropic-claude-haiku-4-5:243da1214ae91ec5,144,144,432,432,408,0.944444,129,0.895833,0.835244,0.935852,130,0.902778,141,0.979167,142,0.986111,0,0,33963,77376,71239,0,0,111339,0.420843,0,True
manual-20260612-anthropic-claude-haiku-4-5-low-budget-1024,Anthropic Claude Haiku 4.5 low_budget_1024,anthropic/claude-haiku-4-5,anthropic/claude-haiku-4.5,low_budget_1024,anthropic-claude-haiku-4-5:0ccdd63aa781dc99,144,144,432,432,409,0.946759,130,0.902778,0.843423,0.941201,132,0.916667,142,0.986111,142,0.986111,0,0,33963,65433,62454,0,0,99396,0.361128,0,True
manual-20260612-anthropic-claude-haiku-4-5-medium-budget-2048,Anthropic Claude Haiku 4.5 medium_budget_2048,anthropic/claude-haiku-4-5,anthropic/claude-haiku-4.5,medium_budget_2048,anthropic-claude-haiku-4-5:f0392a020661f8af,144,144,432,432,406,0.939815,129,0.895833,0.835244,0.935852,133,0.923611,140,0.972222,140,0.972222,0,0,33963,69863,66239,0,0,103826,0.383278,0,True
manual-20260612-anthropic-claude-haiku-4-5-xhigh-budget-16384,Anthropic Claude Haiku 4.5 xhigh_budget_16384,anthropic/claude-haiku-4-5,anthropic/claude-haiku-4.5,xhigh_budget_16384,anthropic-claude-haiku-4-5:ab65794f12b63cd6,144,144,432,432,410,0.949074,132,0.916667,0.859992,0.951689,134,0.930556,140,0.972222,143,0.993056,0,0,33963,81036,73125,0,0,114999,0.439143,0,True
manual-20260612-anthropic-claude-opus-4-6-low,Anthropic Claude Opus 4.6 low,anthropic/claude-opus-4-6,anthropic/claude-opus-4-6,low,anthropic-claude-opus-4-6:9b0df420f6e132a3,144,144,432,432,389,0.900463,128,0.888889,0.827128,0.930441,130,0.902778,142,0.986111,131,0.909722,0,0,21435,2829,0,0,0,24264,0.1779,0,True
manual-20260612-anthropic-claude-opus-4-6-medium,Anthropic Claude Opus 4.6 medium,anthropic/claude-opus-4-6,anthropic/claude-opus-4-6,medium,anthropic-claude-opus-4-6:63d1d5da15a1eddc,144,144,432,432,376,0.87037,124,0.861111,0.795198,0.908258,129,0.895833,137,0.951389,126,0.875,0,0,21435,3871,229,0,0,25306,0.20395,0,True
manual-20260612-anthropic-claude-opus-4-6-high,Anthropic Claude Opus 4.6 high,anthropic/claude-opus-4-6,anthropic/claude-opus-4-6,high,anthropic-claude-opus-4-6:fa557f552e8a1bc9,144,144,432,432,400,0.925926,132,0.916667,0.859992,0.951689,141,0.979167,135,0.9375,135,0.9375,0,0,21435,21818,16465,0,0,43253,0.652625,0,True
manual-20260612-anthropic-claude-opus-4-6-xhigh,Anthropic Claude Opus 4.6 xhigh,anthropic/claude-opus-4-6,anthropic/claude-opus-4-6,xhigh,anthropic-claude-opus-4-6:789153120c3ca9ef,144,144,432,432,401,0.928241,131,0.909722,0.85167,0.946482,141,0.979167,134,0.930556,136,0.944444,0,0,21435,22023,16614,0,0,43458,0.65775,0,True
manual-20260612-anthropic-claude-opus-4-6-max,Anthropic Claude Opus 4.6 max,anthropic/claude-opus-4-6,anthropic/claude-opus-4-6,max,anthropic-claude-opus-4-6:0a7eebdd620bd1e5,144,144,432,432,397,0.918981,128,0.888889,0.827128,0.930441,140,0.972222,132,0.916667,136,0.944444,0,0,21435,28040,22596,0,0,49475,0.808175,0,True
manual-20260612-anthropic-claude-opus-4-7-low,Anthropic Claude Opus 4.7 low,anthropic/claude-opus-4-7,anthropic/claude-opus-4-7,low,anthropic-claude-opus-4-7:bd10259ecaeb7c21,144,144,432,432,374,0.865741,121,0.840278,0.771725,0.891148,121,0.840278,144,1.0,128,0.888889,0,0,30432,3312,0,0,0,33744,0.23496,0,True
manual-20260612-anthropic-claude-opus-4-7-medium,Anthropic Claude Opus 4.7 medium,anthropic/claude-opus-4-7,anthropic/claude-opus-4-7,medium,anthropic-claude-opus-4-7:6fcd98b498bac827,144,144,432,432,374,0.865741,123,0.854167,0.787333,0.902595,123,0.854167,143,0.993056,126,0.875,0,0,30432,3307,0,0,0,33739,0.234835,0,True
manual-20260612-anthropic-claude-opus-4-7-high,Anthropic Claude Opus 4.7 high,anthropic/claude-opus-4-7,anthropic/claude-opus-4-7,high,anthropic-claude-opus-4-7:512f48118696b767,144,144,432,432,378,0.875,125,0.868056,0.803107,0.913877,125,0.868056,143,0.993056,127,0.881944,0,0,30432,3734,360,0,0,34166,0.24551,0,True
manual-20260612-anthropic-claude-opus-4-7-xhigh,Anthropic Claude Opus 4.7 xhigh,anthropic/claude-opus-4-7,anthropic/claude-opus-4-7,xhigh,anthropic-claude-opus-4-7:479a7642e4e515c6,144,144,432,432,401,0.928241,132,0.916667,0.859992,0.951689,132,0.916667,143,0.993056,135,0.9375,0,0,30432,5348,1776,0,0,35780,0.28586,0,True
manual-20260612-anthropic-claude-opus-4-7-max,Anthropic Claude Opus 4.7 max,anthropic/claude-opus-4-7,anthropic/claude-opus-4-7,max,anthropic-claude-opus-4-7:3ba76346afd43c02,144,144,432,432,387,0.895833,125,0.868056,0.803107,0.913877,125,0.868056,144,1.0,132,0.916667,0,0,30432,7319,3034,0,0,37751,0.335135,0,True
requested-022-anthropic-claude-opus-4-5-none,Anthropic: Claude Opus 4.5 none,anthropic/claude-opus-4-5,anthropic/claude-opus-4.5,none,anthropic-claude-opus-4-5:6a0233592ec71ab8,144,144,432,432,358,0.828704,118,0.819444,0.748588,0.873701,118,0.819444,142,0.986111,121,0.840278,0,0,21435,3345,0,0,0,24780,0.1908,0,True
requested-023-anthropic-claude-opus-4-5-low-budget-1024,Anthropic: Claude Opus 4.5 low_budget_1024,anthropic/claude-opus-4-5,anthropic/claude-opus-4.5,low_budget_1024,anthropic-claude-opus-4-5:f8200b70282ca5f8,144,144,432,432,421,0.974537,139,0.965278,0.921297,0.985079,143,0.993056,140,0.972222,142,0.986111,0,0,33963,57286,53986,0,0,91249,1.601965,0,True
requested-024-anthropic-claude-opus-4-5-medium-budget-2048,Anthropic: Claude Opus 4.5 medium_budget_2048,anthropic/claude-opus-4-5,anthropic/claude-opus-4.5,medium_budget_2048,anthropic-claude-opus-4-5:673e97aac3b81534,144,144,432,432,416,0.962963,137,0.951389,0.903064,0.976256,143,0.993056,138,0.958333,140,0.972222,0,0,33963,60321,56386,0,0,94284,1.67784,0,True
requested-025-anthropic-claude-opus-4-5-high-budget-8192,Anthropic: Claude Opus 4.5 high_budget_8192,anthropic/claude-opus-4-5,anthropic/claude-opus-4.5,high_budget_8192,anthropic-claude-opus-4-5:e865b88fdef48e9c,144,144,432,432,422,0.976852,139,0.965278,0.921297,0.985079,143,0.993056,140,0.972222,143,0.993056,0,0,33963,60852,57291,0,0,94815,1.691115,0,True
requested-026-anthropic-claude-opus-4-5-xhigh-budget-16384,Anthropic: Claude Opus 4.5 xhigh_budget_16384,anthropic/claude-opus-4-5,anthropic/claude-opus-4.5,xhigh_budget_16384,anthropic-claude-opus-4-5:b4d76a23e0a9f67d,144,144,432,432,420,0.972222,139,0.965278,0.921297,0.985079,142,0.986111,139,0.965278,141,0.979167,0,0,33963,61590,58055,0,0,95553,1.709565,0,True
old-236-claude-opus-4-8-none,Claude Opus 4.8 none,anthropic/claude-opus-4-8,anthropic/claude-opus-4.8,none,anthropic-claude-opus-4-8:6492af2d4e431e21,144,144,432,432,376,0.87037,121,0.840278,0.771725,0.891148,122,0.847222,143,0.993056,129,0.895833,0,0,28272,2461,0,0,0,30733,0.202885,0,True
old-211-claude-opus-4-8-low,Claude Opus 4.8 low,anthropic/claude-opus-4-8,anthropic/claude-opus-4.8,low,anthropic-claude-opus-4-8:076b1433cdd544c9,144,144,432,432,419,0.969907,137,0.951389,0.903064,0.976256,137,0.951389,143,0.993056,142,0.986111,0,0,28272,6474,3905,0,0,34746,0.30321,0,True
old-212-claude-opus-4-8-medium,Claude Opus 4.8 medium,anthropic/claude-opus-4-8,anthropic/claude-opus-4.8,medium,anthropic-claude-opus-4-8:05a57c7c3be8c538,144,144,432,432,410,0.949074,134,0.930556,0.876891,0.961845,134,0.930556,143,0.993056,138,0.958333,0,0,28272,7145,4338,0,0,35417,0.319985,0,True
old-213-claude-opus-4-8-high,Claude Opus 4.8 high,anthropic/claude-opus-4-8,anthropic/claude-opus-4.8,high,anthropic-claude-opus-4-8:1dd03a19c45c84d3,144,144,432,432,417,0.965278,136,0.944444,0.894209,0.971583,136,0.944444,143,0.993056,141,0.979167,0,0,28272,8513,5255,0,0,36785,0.354185,0,True
old-214-claude-opus-4-8-xhigh,Claude Opus 4.8 xhigh,anthropic/claude-opus-4-8,anthropic/claude-opus-4.8,xhigh,anthropic-claude-opus-4-8:1c8837af9a279914,144,144,432,432,423,0.979167,139,0.965278,0.921297,0.985079,139,0.965278,144,1.0,143,0.993056,0,0,28272,14659,7938,0,0,42931,0.507835,0,True
old-215-claude-opus-4-8-max,Claude Opus 4.8 max,anthropic/claude-opus-4-8,anthropic/claude-opus-4.8,max,anthropic-claude-opus-4-8:ca4421b75142368a,144,144,432,432,429,0.993056,143,0.993056,0.961715,0.998773,143,0.993056,144,1.0,143,0.993056,0,0,28272,34509,17758,0,0,62781,1.004085,0,True
requested-027-anthropic-claude-sonnet-4-none,Anthropic: Claude Sonnet 4 none,openrouter/anthropic/claude-sonnet-4,anthropic/claude-sonnet-4,none,openrouter-anthropic-claude-sonnet-4:243a37130a6fc7fc,144,144,432,432,268,0.62037,75,0.520833,0.439763,0.600821,83,0.576389,121,0.840278,102,0.708333,0,0,21435,7108,0,0,0,28543,0.170925,0,True
requested-028-anthropic-claude-sonnet-4-low,Anthropic: Claude Sonnet 4 low,openrouter/anthropic/claude-sonnet-4,anthropic/claude-sonnet-4,low,openrouter-anthropic-claude-sonnet-4:c6b1f7f2cada48d4,144,144,432,432,419,0.969907,136,0.944444,0.894209,0.971583,136,0.944444,144,1.0,142,0.986111,0,0,33963,62199,45404,0,0,96162,1.034874,0,True
requested-029-anthropic-claude-sonnet-4-medium,Anthropic: Claude Sonnet 4 medium,openrouter/anthropic/claude-sonnet-4,anthropic/claude-sonnet-4,medium,openrouter-anthropic-claude-sonnet-4:bd8cdfb4f1cb7d87,144,144,432,432,420,0.972222,137,0.951389,0.903064,0.976256,137,0.951389,144,1.0,142,0.986111,0,0,33963,69333,50442,0,0,103296,1.141884,0,True
requested-030-anthropic-claude-sonnet-4-high,Anthropic: Claude Sonnet 4 high,openrouter/anthropic/claude-sonnet-4,anthropic/claude-sonnet-4,high,openrouter-anthropic-claude-sonnet-4:57371731099d7d9a,144,144,432,432,421,0.974537,138,0.958333,0.912082,0.980766,138,0.958333,143,0.993056,143,0.993056,0,0,33963,75579,55124,0,0,109542,1.235574,0,True
requested-031-anthropic-claude-sonnet-4-xhigh,Anthropic: Claude Sonnet 4 xhigh,openrouter/anthropic/claude-sonnet-4,anthropic/claude-sonnet-4,xhigh,openrouter-anthropic-claude-sonnet-4:7d1247d821f1aa88,144,144,432,432,419,0.969907,137,0.951389,0.903064,0.976256,138,0.958333,142,0.986111,142,0.986111,0,0,33963,74205,54591,0,0,108168,1.214964,0,True
requested-032-anthropic-claude-sonnet-4-5-none,Anthropic: Claude Sonnet 4.5 none,openrouter/anthropic/claude-sonnet-4.5,anthropic/claude-sonnet-4.5,none,openrouter-anthropic-claude-sonnet-4-5:99f2b3d29892f274,144,144,432,432,267,0.618056,83,0.576389,0.494728,0.65408,98,0.680556,118,0.819444,95,0.659722,0,0,21435,8126,0,0,0,29561,0.186195,0,True
requested-033-anthropic-claude-sonnet-4-5-low,Anthropic: Claude Sonnet 4.5 low,openrouter/anthropic/claude-sonnet-4.5,anthropic/claude-sonnet-4.5,low,openrouter-anthropic-claude-sonnet-4-5:b7c9385e405da840,144,144,432,432,414,0.958333,134,0.930556,0.876891,0.961845,138,0.958333,138,0.958333,141,0.979167,0,0,33963,56354,39162,0,0,90317,0.947199,0,True
requested-034-anthropic-claude-sonnet-4-5-medium,Anthropic: Claude Sonnet 4.5 medium,openrouter/anthropic/claude-sonnet-4.5,anthropic/claude-sonnet-4.5,medium,openrouter-anthropic-claude-sonnet-4-5:5083325eed5614c9,144,144,432,432,414,0.958333,134,0.930556,0.876891,0.961845,139,0.965278,137,0.951389,142,0.986111,0,0,33963,57927,40639,0,0,91890,0.970794,0,True
requested-035-anthropic-claude-sonnet-4-5-high,Anthropic: Claude Sonnet 4.5 high,openrouter/anthropic/claude-sonnet-4.5,anthropic/claude-sonnet-4.5,high,openrouter-anthropic-claude-sonnet-4-5:0076c483e37c9e51,144,144,432,432,414,0.958333,134,0.930556,0.876891,0.961845,140,0.972222,136,0.944444,142,0.986111,0,0,33963,65792,46853,0,0,99755,1.088769,0,True
requested-036-anthropic-claude-sonnet-4-5-xhigh,Anthropic: Claude Sonnet 4.5 xhigh,openrouter/anthropic/claude-sonnet-4.5,anthropic/claude-sonnet-4.5,xhigh,openrouter-anthropic-claude-sonnet-4-5:1f81d379d7c0d2ad,144,144,432,432,418,0.967593,135,0.9375,0.885491,0.966773,140,0.972222,139,0.965278,142,0.986111,0,0,33963,64829,46401,0,0,98792,1.074324,0,True
old-237-claude-sonnet-4-6-none,Claude Sonnet 4.6 none,anthropic/claude-sonnet-4-6,anthropic/claude-sonnet-4.6,none,anthropic-claude-sonnet-4-6:bb14326198832a63,144,144,432,432,354,0.819444,114,0.791667,0.718187,0.849989,115,0.798611,140,0.972222,121,0.840278,0,0,21435,4323,0,0,0,25758,0.12915,0,True
old-4-anthropic-claude-sonnet-4-6,Anthropic Claude Sonnet 4.6,anthropic/claude-sonnet-4-6,anthropic/claude-sonnet-4.6,default,anthropic-claude-sonnet-4-6:c7ae17cc4706c274,144,144,432,432,347,0.803241,111,0.770833,0.695682,0.83191,112,0.777778,140,0.972222,121,0.840278,0,0,21435,4185,0,0,0,25620,0.12708,0,True
old-216-claude-sonnet-4-6-low,Claude Sonnet 4.6 low,anthropic/claude-sonnet-4-6,anthropic/claude-sonnet-4.6,low,anthropic-claude-sonnet-4-6:ef7abe04d716b193,144,144,432,432,352,0.814815,112,0.777778,0.703158,0.837963,114,0.791667,142,0.986111,121,0.840278,0,0,21435,3787,520,0,0,25222,0.12111,0,True
old-217-claude-sonnet-4-6-medium,Claude Sonnet 4.6 medium,anthropic/claude-sonnet-4-6,anthropic/claude-sonnet-4.6,medium,anthropic-claude-sonnet-4-6:74e66c92ba93a8ab,144,144,432,432,382,0.884259,123,0.854167,0.787333,0.902595,127,0.881944,139,0.965278,132,0.916667,0,0,21435,8313,4981,0,0,29748,0.189,0,True
old-218-claude-sonnet-4-6-high,Claude Sonnet 4.6 high,anthropic/claude-sonnet-4-6,anthropic/claude-sonnet-4.6,high,anthropic-claude-sonnet-4-6:ca1eec2cec55eee2,144,144,432,432,371,0.858796,120,0.833333,0.763977,0.885367,139,0.965278,123,0.854167,127,0.881944,0,0,21435,33940,25841,0,0,55375,0.573405,0,True
old-219-claude-sonnet-4-6-max,Claude Sonnet 4.6 max,anthropic/claude-sonnet-4-6,anthropic/claude-sonnet-4.6,max,anthropic-claude-sonnet-4-6:a5e481df9e03384e,144,144,432,432,345,0.798611,111,0.770833,0.695682,0.83191,139,0.965278,115,0.798611,119,0.826389,0,0,21435,50516,39841,0,0,71951,0.822045,0,True
manual-20260630-anthropic-claude-sonnet-5-low,Anthropic Claude Sonnet 5 low,anthropic/claude-sonnet-5,anthropic/claude-sonnet-5,low,anthropic-claude-sonnet-5:91db73e1ff32510e,144,144,432,432,376,0.87037,118,0.819444,0.748588,0.873701,119,0.826389,143,0.993056,131,0.909722,0,0,28272,3972,1483,0,0,32244,0.144396,0,True
manual-20260630-anthropic-claude-sonnet-5-medium,Anthropic Claude Sonnet 5 medium,anthropic/claude-sonnet-5,anthropic/claude-sonnet-5,medium,anthropic-claude-sonnet-5:6651233ac64a8784,144,144,432,432,368,0.851852,116,0.805556,0.733328,0.861905,116,0.805556,144,1.0,129,0.895833,0,0,28272,4289,1992,0,0,32561,0.149151,0,True
manual-20260630-anthropic-claude-sonnet-5-high,Anthropic Claude Sonnet 5 high,anthropic/claude-sonnet-5,anthropic/claude-sonnet-5,high,anthropic-claude-sonnet-5:db94fe588835015a,144,144,432,432,395,0.914352,125,0.868056,0.803107,0.913877,125,0.868056,144,1.0,138,0.958333,0,0,28272,7276,3856,0,0,35548,0.193956,0,True
manual-20260630-anthropic-claude-sonnet-5-xhigh,Anthropic Claude Sonnet 5 xhigh,anthropic/claude-sonnet-5,anthropic/claude-sonnet-5,xhigh,anthropic-claude-sonnet-5:26970afb9e1aa0ac,144,144,432,432,402,0.930556,130,0.902778,0.843423,0.941201,130,0.902778,144,1.0,140,0.972222,0,0,28272,11931,7363,0,0,40203,0.263781,0,True
manual-20260630-anthropic-claude-sonnet-5-max,Anthropic Claude Sonnet 5 max,anthropic/claude-sonnet-5,anthropic/claude-sonnet-5,max,anthropic-claude-sonnet-5:7fc561aeb2249752,144,144,432,432,423,0.979167,139,0.965278,0.921297,0.985079,139,0.965278,144,1.0,142,0.986111,0,0,28272,45320,22125,0,0,73592,0.764616,0,True
old-76-deepseek-deepseek-v3,DeepSeek: DeepSeek V3,openrouter/deepseek/deepseek-chat,deepseek/deepseek-chat,default,openrouter-deepseek-deepseek-chat:aca29a9c27f327d3,144,144,432,432,223,0.516204,53,0.368056,0.293668,0.4493,61,0.423611,114,0.791667,98,0.680556,0,0,18129,4810,0,0,0,22939,0.0074779068,0,True
old-69-deepseek-deepseek-v3-0324,DeepSeek: DeepSeek V3 0324,openrouter/deepseek/deepseek-chat-v3-0324,deepseek/deepseek-chat-v3-0324,default,openrouter-deepseek-deepseek-chat-v3-0324:f8e72f12e1015a2c,144,144,432,432,232,0.537037,59,0.409722,0.332761,0.491375,70,0.486111,112,0.777778,96,0.666667,0,0,13103,4577,0,5026,0,22706,0.0063348,0,True
old-73-deepseek-deepseek-v3-1,DeepSeek: DeepSeek V3.1,openrouter/deepseek/deepseek-chat-v3.1,deepseek/deepseek-chat-v3.1,default,openrouter-deepseek-deepseek-chat-v3-1:a1bab219605b0579,144,144,432,432,280,0.648148,73,0.506944,0.426174,0.587354,79,0.548611,134,0.930556,108,0.75,0,0,15485,2038,0,3382,0,20905,0.00504029,0,True
old-80-deepseek-deepseek-v3-1-terminus,DeepSeek: DeepSeek V3.1 Terminus,openrouter/deepseek/deepseek-v3.1-terminus,deepseek/deepseek-v3.1-terminus,default,openrouter-deepseek-deepseek-v3-1-terminus:6ebd2ebdf76a3180,144,144,432,432,305,0.706019,79,0.548611,0.467123,0.627573,84,0.583333,136,0.944444,121,0.840278,0,0,15850,16674,14708,3200,0,35724,0.01980518,0,True
old-47-deepseek-deepseek-v3-2,DeepSeek: DeepSeek V3.2,openrouter/deepseek/deepseek-v3.2,deepseek/deepseek-v3.2,default,openrouter-deepseek-deepseek-v3-2:67900c1519814ba9,144,144,432,432,286,0.662037,73,0.506944,0.426174,0.587354,73,0.506944,142,0.986111,117,0.8125,0,0,16294,1511,0,3209,0,21014,0.0037922456,0,True
old-57-deepseek-deepseek-v3-2-exp,DeepSeek: DeepSeek V3.2 Exp,openrouter/deepseek/deepseek-v3.2-exp,deepseek/deepseek-v3.2-exp,default,openrouter-deepseek-deepseek-v3-2-exp:fcab714ac4ba5f53,144,144,432,432,301,0.696759,88,0.611111,0.529589,0.686859,88,0.611111,144,1.0,114,0.791667,0,0,18497,1328,0,64,0,19889,0.00553408,0,True
old-35-deepseek-deepseek-v4-flash,DeepSeek: DeepSeek V4 Flash,openrouter/deepseek/deepseek-v4-flash,deepseek/deepseek-v4-flash,default,openrouter-deepseek-deepseek-v4-flash:84fe7d3f33b4e8e2,144,144,432,432,380,0.87963,106,0.736111,0.658667,0.801285,106,0.736111,144,1.0,143,0.993056,0,0,18425,32028,29777,510,0,50963,0.0080677963,0,True
old-78-deepseek-deepseek-v4-pro,DeepSeek: DeepSeek V4 Pro,openrouter/deepseek/deepseek-v4-pro,deepseek/deepseek-v4-pro,default,openrouter-deepseek-deepseek-v4-pro:8a1e2e56b483bd63,144,144,432,432,398,0.921296,115,0.798611,0.725743,0.855961,115,0.798611,144,1.0,144,1.0,0,0,18249,44971,42882,312,0,63532,0.046928496,0,True
manual-20260612-google-gemini-2-5-flash-none,Google: Gemini 2.5 Flash none,openrouter/google/gemini-2.5-flash,google/gemini-2.5-flash,none,openrouter-google-gemini-2-5-flash:f1c7ede96b11290e,144,144,432,432,328,0.759259,94,0.652778,0.571963,0.725653,94,0.652778,144,1.0,123,0.854167,0,0,17607,997,0,0,0,18604,0.0077746,0,True
manual-20260612-google-gemini-2-5-flash-low,Google: Gemini 2.5 Flash low,openrouter/google/gemini-2.5-flash,google/gemini-2.5-flash,low,openrouter-google-gemini-2-5-flash:e6de5ee4971277bd,144,144,432,432,415,0.960648,133,0.923611,0.868396,0.956813,133,0.923611,144,1.0,143,0.993056,0,0,17607,78046,77036,0,0,95653,0.2003971,0,True
manual-20260612-google-gemini-2-5-flash-medium,Google: Gemini 2.5 Flash medium,openrouter/google/gemini-2.5-flash,google/gemini-2.5-flash,medium,openrouter-google-gemini-2-5-flash:f71118c9b79dff7f,144,144,432,432,420,0.972222,136,0.944444,0.894209,0.971583,136,0.944444,143,0.993056,142,0.986111,0,0,17607,71964,70823,0,0,89571,0.1851921,0,True
manual-20260612-google-gemini-2-5-flash-high,Google: Gemini 2.5 Flash high,openrouter/google/gemini-2.5-flash,google/gemini-2.5-flash,high,openrouter-google-gemini-2-5-flash:00024a2b9ec50f91,144,144,432,432,420,0.972222,134,0.930556,0.876891,0.961845,134,0.930556,144,1.0,144,1.0,0,0,17607,69992,68994,0,0,87599,0.1802621,0,True
manual-20260612-google-gemini-2-5-flash-lite-none,Google: Gemini 2.5 Flash Lite none,openrouter/google/gemini-2.5-flash-lite,google/gemini-2.5-flash-lite,none,openrouter-google-gemini-2-5-flash-lite:32d7a64bd924d50d,144,144,432,432,301,0.696759,83,0.576389,0.494728,0.65408,83,0.576389,144,1.0,116,0.805556,0,0,17607,973,0,0,0,18580,0.0021499,0,True
old-189-gemini-2-5-flash-lite-low-budget-1024,Gemini 2.5 Flash-Lite low_budget_1024,openrouter/google/gemini-2.5-flash-lite,google/gemini-2.5-flash-lite,low,openrouter-google-gemini-2-5-flash-lite:995165954feb629f,144,144,432,432,409,0.946759,127,0.881944,0.819069,0.924972,127,0.881944,144,1.0,143,0.993056,0,0,17607,89399,88399,0,0,107006,0.0375203,0,True
old-197-gemini-2-5-flash-lite-medium-budget-8192,Gemini 2.5 Flash-Lite medium_budget_8192,openrouter/google/gemini-2.5-flash-lite,google/gemini-2.5-flash-lite,medium,openrouter-google-gemini-2-5-flash-lite:d41194a06a7d0a4b,144,144,432,432,402,0.930556,124,0.861111,0.795198,0.908258,124,0.861111,144,1.0,140,0.972222,0,0,17608,113691,112689,0,0,131299,0.0472372,0,True
manual-20260612-google-gemini-2-5-flash-lite-high,Google: Gemini 2.5 Flash Lite high,openrouter/google/gemini-2.5-flash-lite,google/gemini-2.5-flash-lite,high,openrouter-google-gemini-2-5-flash-lite:4845c51c12509e21,144,144,432,432,403,0.93287,124,0.861111,0.795198,0.908258,124,0.861111,144,1.0,141,0.979167,0,0,17608,121317,117468,0,0,138925,0.0502876,0,True
requested-045-google-gemini-2-5-pro-low,Google: Gemini 2.5 Pro low,openrouter/google/gemini-2.5-pro,google/gemini-2.5-pro,low,openrouter-google-gemini-2-5-pro:1b9605fe4301c779,144,144,432,432,421,0.974537,138,0.958333,0.912082,0.980766,138,0.958333,144,1.0,142,0.986111,0,0,17607,167416,166417,0,0,185023,1.69616875,0,True
requested-044-google-gemini-2-5-pro-dynamic,Google: Gemini 2.5 Pro dynamic,openrouter/google/gemini-2.5-pro,google/gemini-2.5-pro,dynamic,openrouter-google-gemini-2-5-pro:088f2c1665547e1d,144,144,432,432,426,0.986111,140,0.972222,0.930758,0.989146,140,0.972222,144,1.0,144,1.0,0,0,17607,167982,166979,0,0,185589,1.70182875,0,True
requested-046-google-gemini-2-5-pro-medium,Google: Gemini 2.5 Pro medium,openrouter/google/gemini-2.5-pro,google/gemini-2.5-pro,medium,openrouter-google-gemini-2-5-pro:051893608ebafa43,144,144,432,432,424,0.981481,139,0.965278,0.921297,0.985079,139,0.965278,144,1.0,143,0.993056,0,0,17607,176595,175596,0,0,194202,1.78795875,0,True
requested-047-google-gemini-2-5-pro-high,Google: Gemini 2.5 Pro high,openrouter/google/gemini-2.5-pro,google/gemini-2.5-pro,high,openrouter-google-gemini-2-5-pro:b074d1c3a805e575,144,144,432,432,425,0.983796,139,0.965278,0.921297,0.985079,139,0.965278,143,0.993056,144,1.0,0,0,17532,169610,168611,0,0,187142,1.718015,1,True
requested-048-google-gemini-2-5-pro-xhigh,Google: Gemini 2.5 Pro xhigh,openrouter/google/gemini-2.5-pro,google/gemini-2.5-pro,xhigh,openrouter-google-gemini-2-5-pro:1c8cd687dc446ee0,144,144,432,432,423,0.979167,138,0.958333,0.912082,0.980766,138,0.958333,144,1.0,143,0.993056,0,0,17607,165639,164640,0,0,183246,1.67839875,0,True
manual-20260612-google-gemini-3-flash-preview-minimal,Google: Gemini 3 Flash Preview minimal,openrouter/google/gemini-3-flash-preview,google/gemini-3-flash-preview,minimal,openrouter-google-gemini-3-flash-preview:bd779dd00c0ce5f4,144,144,432,432,384,0.888889,124,0.861111,0.795198,0.908258,124,0.861111,144,1.0,133,0.923611,0,0,17719,1010,0,0,0,18729,0.0118895,0,True
old-159-gemini-3-flash-preview,Gemini 3 Flash Preview,openrouter/google/gemini-3-flash-preview,google/gemini-3-flash-preview,default,openrouter-google-gemini-3-flash-preview:3ca45261d46b17a4,144,144,432,432,379,0.877315,120,0.833333,0.763977,0.885367,120,0.833333,144,1.0,132,0.916667,0,0,17607,1007,0,0,0,18614,0.0118245,0,True
manual-20260612-google-gemini-3-flash-preview-low,Google: Gemini 3 Flash Preview low,openrouter/google/gemini-3-flash-preview,google/gemini-3-flash-preview,low,openrouter-google-gemini-3-flash-preview:8d15b0e0d728f962,144,144,432,432,430,0.99537,142,0.986111,0.950777,0.996183,142,0.986111,144,1.0,144,1.0,0,0,17682,72980,71981,0,0,90662,0.227781,0,True
manual-20260612-google-gemini-3-flash-preview-medium,Google: Gemini 3 Flash Preview medium,openrouter/google/gemini-3-flash-preview,google/gemini-3-flash-preview,medium,openrouter-google-gemini-3-flash-preview:6f881b90eab698e0,144,144,432,432,428,0.990741,141,0.979167,0.940542,0.99289,143,0.993056,142,0.986111,144,1.0,0,0,17633,79500,78498,0,0,97133,0.2473165,0,True
manual-20260612-google-gemini-3-flash-preview-high,Google: Gemini 3 Flash Preview high,openrouter/google/gemini-3-flash-preview,google/gemini-3-flash-preview,high,openrouter-google-gemini-3-flash-preview:1901da4c8c57013e,144,144,432,432,426,0.986111,139,0.965278,0.921297,0.985079,140,0.972222,143,0.993056,144,1.0,0,0,17730,78922,77922,0,0,96652,0.245631,0,True
old-193-gemini-3-1-flash-lite-minimal-budget-1024,Gemini 3.1 Flash-Lite minimal_budget_1024,openrouter/google/gemini-3.1-flash-lite,google/gemini-3.1-flash-lite,minimal,openrouter-google-gemini-3-1-flash-lite:61cece17bda6bf72,144,144,432,432,364,0.842593,115,0.798611,0.725743,0.855961,115,0.798611,144,1.0,127,0.881944,0,0,17827,1005,0,0,0,18832,0.00596425,0,True
old-141-gemini-3-1-flash-lite,Gemini 3.1 Flash-Lite,openrouter/google/gemini-3.1-flash-lite,google/gemini-3.1-flash-lite,default,openrouter-google-gemini-3-1-flash-lite:57396c29f53c51f2,144,144,432,432,362,0.837963,117,0.8125,0.740942,0.867818,117,0.8125,144,1.0,125,0.868056,0,0,17718,1004,0,0,0,18722,0.0059355,0,True
old-227-google-gemini-3-1-flash-lite-low,Google: Gemini 3.1 Flash Lite low,openrouter/google/gemini-3.1-flash-lite,google/gemini-3.1-flash-lite,low,openrouter-google-gemini-3-1-flash-lite:8ed0ca8cd7402c72,144,144,432,432,388,0.898148,120,0.833333,0.763977,0.885367,120,0.833333,144,1.0,137,0.951389,0,0,17850,53710,52706,0,0,71560,0.0850275,0,True
old-228-google-gemini-3-1-flash-lite-medium,Google: Gemini 3.1 Flash Lite medium,openrouter/google/gemini-3.1-flash-lite,google/gemini-3.1-flash-lite,medium,openrouter-google-gemini-3-1-flash-lite:b34b1586ec169a4f,144,144,432,432,424,0.981481,136,0.944444,0.894209,0.971583,138,0.958333,142,0.986111,144,1.0,0,0,17822,75364,74360,0,0,93186,0.1175015,0,True
old-229-google-gemini-3-1-flash-lite-high,Google: Gemini 3.1 Flash Lite high,openrouter/google/gemini-3.1-flash-lite,google/gemini-3.1-flash-lite,high,openrouter-google-gemini-3-1-flash-lite:70c29da9b887248f,144,144,432,432,429,0.993056,141,0.979167,0.940542,0.99289,141,0.979167,144,1.0,144,1.0,0,0,17849,127305,126303,0,0,145154,0.19541975,0,True
manual-20260625-google-gemini-3-1-pro-preview-low,Google: Gemini 3.1 Pro Preview low,openrouter/google/gemini-3.1-pro-preview,google/gemini-3.1-pro-preview,low,openrouter-google-gemini-3-1-pro-preview:6ada7da815d63447,144,144,432,432,431,0.997685,143,0.993056,0.961715,0.998773,143,0.993056,144,1.0,144,1.0,0,0,17615,72284,71286,0,0,89899,0.902638,0,True
manual-20260625-google-gemini-3-1-pro-preview-medium,Google: Gemini 3.1 Pro Preview medium,openrouter/google/gemini-3.1-pro-preview,google/gemini-3.1-pro-preview,medium,openrouter-google-gemini-3-1-pro-preview:55b9832b352b9a74,144,144,432,432,432,1.0,144,1.0,0.974016,1.0,144,1.0,144,1.0,144,1.0,0,0,17610,80565,79567,0,0,98175,1.002,0,True
manual-20260625-google-gemini-3-1-pro-preview-high,Google: Gemini 3.1 Pro Preview high,openrouter/google/gemini-3.1-pro-preview,google/gemini-3.1-pro-preview,high,openrouter-google-gemini-3-1-pro-preview:bef98d5045e32de3,144,144,432,432,432,1.0,144,1.0,0.974016,1.0,144,1.0,144,1.0,144,1.0,0,0,17619,94359,93361,0,0,111978,1.167546,0,True
old-220-google-gemini-3-5-flash-minimal,Google: Gemini 3.5 Flash minimal,openrouter/google/gemini-3.5-flash,google/gemini-3.5-flash,minimal,openrouter-google-gemini-3-5-flash:fd72c6406e828ed7,144,144,432,432,380,0.87963,120,0.833333,0.763977,0.885367,120,0.833333,143,0.993056,132,0.916667,0,0,17607,995,0,0,0,18602,0.0353655,0,True
old-6-gemini-3-5-flash,Gemini 3.5 Flash,openrouter/google/gemini-3.5-flash,google/gemini-3.5-flash,default,openrouter-google-gemini-3-5-flash:88a3ce639451cd24,144,144,432,432,431,0.997685,143,0.993056,0.961715,0.998773,143,0.993056,144,1.0,144,1.0,0,0,17607,96996,95996,0,0,114603,0.8993745,0,True
old-221-google-gemini-3-5-flash-low,Google: Gemini 3.5 Flash low,openrouter/google/gemini-3.5-flash,google/gemini-3.5-flash,low,openrouter-google-gemini-3-5-flash:cc6d75b3e55b3279,144,144,432,432,431,0.997685,143,0.993056,0.961715,0.998773,143,0.993056,144,1.0,144,1.0,0,0,17739,52680,51682,0,0,70419,0.5007285,0,True
old-222-google-gemini-3-5-flash-medium,Google: Gemini 3.5 Flash medium,openrouter/google/gemini-3.5-flash,google/gemini-3.5-flash,medium,openrouter-google-gemini-3-5-flash:f404d0d7d02cc1c1,144,144,432,432,431,0.997685,143,0.993056,0.961715,0.998773,143,0.993056,144,1.0,144,1.0,0,0,17649,98261,97265,0,0,115910,0.9108225,0,True
old-223-google-gemini-3-5-flash-high,Google: Gemini 3.5 Flash high,openrouter/google/gemini-3.5-flash,google/gemini-3.5-flash,high,openrouter-google-gemini-3-5-flash:b6ec4c67d3557bc5,144,144,432,432,432,1.0,144,1.0,0.974016,1.0,144,1.0,144,1.0,144,1.0,0,0,17665,107670,106673,0,0,125335,0.9955275,0,True
old-67-google-gemma-2-27b,Google: Gemma 2 27B,openrouter/google/gemma-2-27b-it,google/gemma-2-27b-it,none,openrouter-google-gemma-2-27b-it:9f070720e02c9675,144,144,432,432,244,0.564815,62,0.430556,0.352524,0.512196,65,0.451389,133,0.923611,100,0.694444,0,0,21474,2449,0,0,0,23923,0.01554995,1,True
old-101-google-gemma-3-12b,Google: Gemma 3 12B,openrouter/google/gemma-3-12b-it,google/gemma-3-12b-it,none,openrouter-google-gemma-3-12b-it:7b0ba603c89f6f87,144,144,432,432,267,0.618056,83,0.576389,0.494728,0.65408,83,0.576389,144,1.0,94,0.652778,0,0,21495,1521,0,0,0,23016,0.00105753,0,True
old-105-google-gemma-3-27b,Google: Gemma 3 27B,openrouter/google/gemma-3-27b-it,google/gemma-3-27b-it,none,openrouter-google-gemma-3-27b-it:862e73d404cdfcd3,144,144,432,432,225,0.520833,68,0.472222,0.392468,0.55342,73,0.506944,133,0.923611,82,0.569444,0,0,14341,1877,0,7152,0,23370,0.00107672,0,True
old-100-google-gemma-3-4b,Google: Gemma 3 4B,openrouter/google/gemma-3-4b-it,google/gemma-3-4b-it,none,openrouter-google-gemma-3-4b-it:4ddd117e9a0ddb77,144,144,432,432,164,0.37963,52,0.361111,0.287211,0.442229,52,0.361111,143,0.993056,58,0.402778,0,0,21495,1787,0,0,0,23282,0.00100276,0,True
old-27-google-gemma-3n-4b,Google: Gemma 3n 4B,openrouter/google/gemma-3n-e4b-it,google/gemma-3n-e4b-it,none,openrouter-google-gemma-3n-e4b-it:97bb92f79f78995b,144,144,432,432,203,0.469907,62,0.430556,0.352524,0.512196,64,0.444444,142,0.986111,73,0.506944,0,0,24519,1761,0,0,0,26280,0.00168246,0,True
old-112-google-gemma-4-26b-a4b,Google: Gemma 4 26B A4B ,openrouter/google/gemma-4-26b-a4b-it,google/gemma-4-26b-a4b-it,none,openrouter-google-gemma-4-26b-a4b-it:1cf0008a343f02b4,144,144,432,432,317,0.733796,99,0.6875,0.607754,0.757502,99,0.6875,144,1.0,111,0.770833,0,0,21572,1415,0,1208,0,24195,0.00171255,0,True
manual-20260612-google-gemma-4-26b-a4b-it-low,Google: Gemma 4 26B A4B low,openrouter/google/gemma-4-26b-a4b-it,google/gemma-4-26b-a4b-it,low,openrouter-google-gemma-4-26b-a4b-it:f3305ea9561aa00c,144,144,432,432,424,0.981481,138,0.958333,0.912082,0.980766,139,0.965278,143,0.993056,143,0.993056,0,0,22039,111989,95033,2157,0,136185,0.03818517,0,True
manual-20260612-google-gemma-4-26b-a4b-it-medium,Google: Gemma 4 26B A4B medium,openrouter/google/gemma-4-26b-a4b-it,google/gemma-4-26b-a4b-it,medium,openrouter-google-gemma-4-26b-a4b-it:a9a510a8419c263d,144,144,432,432,427,0.988426,139,0.965278,0.921297,0.985079,139,0.965278,144,1.0,144,1.0,0,0,20056,103108,88645,4212,0,127376,0.03507126,0,True
manual-20260612-google-gemma-4-26b-a4b-it-high,Google: Gemma 4 26B A4B high,openrouter/google/gemma-4-26b-a4b-it,google/gemma-4-26b-a4b-it,high,openrouter-google-gemma-4-26b-a4b-it:8c486a7b48c25c52,144,144,432,432,421,0.974537,138,0.958333,0.912082,0.980766,138,0.958333,144,1.0,142,0.986111,0,0,18138,105145,83789,6169,0,129452,0.03557181,0,True
old-116-google-gemma-4-31b,Google: Gemma 4 31B,openrouter/google/gemma-4-31b-it,google/gemma-4-31b-it,none,openrouter-google-gemma-4-31b-it:23193ab8e1e75e97,144,144,432,432,377,0.872685,122,0.847222,0.779509,0.896891,122,0.847222,144,1.0,129,0.895833,0,0,21403,1427,0,1820,0,24650,0.00302507,0,True
manual-20260612-google-gemma-4-31b-it-low,Google: Gemma 4 31B low,openrouter/google/gemma-4-31b-it,google/gemma-4-31b-it,low,openrouter-google-gemma-4-31b-it:8299a083fcc08612,144,144,432,432,432,1.0,144,1.0,0.974016,1.0,144,1.0,144,1.0,144,1.0,0,0,20780,66883,44722,3666,0,91329,0.02704315,0,True
manual-20260612-google-gemma-4-31b-it-medium,Google: Gemma 4 31B medium,openrouter/google/gemma-4-31b-it,google/gemma-4-31b-it,medium,openrouter-google-gemma-4-31b-it:0fcc7bde7e97b198,144,144,432,432,431,0.997685,143,0.993056,0.961715,0.998773,143,0.993056,144,1.0,144,1.0,0,0,16209,63685,41697,8252,0,88146,0.02517265,0,True
manual-20260612-google-gemma-4-31b-it-high,Google: Gemma 4 31B high,openrouter/google/gemma-4-31b-it,google/gemma-4-31b-it,high,openrouter-google-gemma-4-31b-it:b5728fc81e67d95c,144,144,432,432,432,1.0,144,1.0,0.974016,1.0,144,1.0,144,1.0,144,1.0,0,0,13914,64495,43350,10553,0,88962,0.02509939,0,True
old-68-meta-llama-3-70b-instruct,Meta: Llama 3 70B Instruct,openrouter/meta-llama/llama-3-70b-instruct,meta-llama/llama-3-70b-instruct,none,openrouter-meta-llama-llama-3-70b-instruct:5235b7b53211db40,144,144,432,432,274,0.634259,80,0.555556,0.474001,0.634223,82,0.569444,141,0.979167,104,0.722222,0,0,21561,1447,0,0,0,23008,0.01206689,0,True
old-15-meta-llama-3-8b-instruct,Meta: Llama 3 8B Instruct,openrouter/meta-llama/llama-3-8b-instruct,meta-llama/llama-3-8b-instruct,none,openrouter-meta-llama-llama-3-8b-instruct:879867407e1dee4a,144,144,432,432,192,0.444444,51,0.354167,0.28077,0.435142,57,0.395833,138,0.958333,74,0.513889,0,0,21129,1344,0,0,0,22473,0.00089892,0,True
old-56-meta-llama-3-1-70b-instruct,Meta: Llama 3.1 70B Instruct,openrouter/meta-llama/llama-3.1-70b-instruct,meta-llama/llama-3.1-70b-instruct,none,openrouter-meta-llama-llama-3-1-70b-instruct:f03a9fea763c79a4,144,144,432,432,247,0.571759,57,0.395833,0.319665,0.477415,65,0.451389,132,0.916667,104,0.722222,0,0,21182,1681,0,384,0,23247,0.0090848,0,True
old-16-meta-llama-3-1-8b-instruct,Meta: Llama 3.1 8B Instruct,openrouter/meta-llama/llama-3.1-8b-instruct,meta-llama/llama-3.1-8b-instruct,none,openrouter-meta-llama-llama-3-1-8b-instruct:083b3393b7767405,144,144,432,432,162,0.375,26,0.180556,0.126299,0.251412,30,0.208333,139,0.965278,84,0.583333,0,0,21747,1477,0,0,0,23224,0.00050879,0,True
old-117-meta-llama-3-2-11b-vision-instruct,Meta: Llama 3.2 11B Vision Instruct,openrouter/meta-llama/llama-3.2-11b-vision-instruct,meta-llama/llama-3.2-11b-vision-instruct,none,openrouter-meta-llama-llama-3-2-11b-vision-instruct:7b10c19199528527,144,144,432,432,170,0.393519,32,0.222222,0.162037,0.296842,34,0.236111,139,0.965278,84,0.583333,0,0,21129,1593,0,0,0,22722,0.00556689,0,True
old-36-meta-llama-3-2-1b-instruct,Meta: Llama 3.2 1B Instruct,openrouter/meta-llama/llama-3.2-1b-instruct,meta-llama/llama-3.2-1b-instruct,none,openrouter-meta-llama-llama-3-2-1b-instruct:3c61302e512ddb93,144,144,432,432,111,0.256944,35,0.243056,0.180269,0.319194,35,0.243056,144,1.0,40,0.277778,0,0,21561,1770,0,0,0,23331,0.000937917,0,True
old-45-meta-llama-3-3-70b-instruct,Meta: Llama 3.3 70B Instruct,openrouter/meta-llama/llama-3.3-70b-instruct,meta-llama/llama-3.3-70b-instruct,none,openrouter-meta-llama-llama-3-3-70b-instruct:5d26b4cd05351fa5,144,144,432,432,264,0.611111,70,0.486111,0.405905,0.567039,82,0.569444,131,0.909722,106,0.736111,0,0,22435,1491,0,2240,0,26166,0.00258562,0,True
old-125-meta-llama-4-maverick,Meta: Llama 4 Maverick,openrouter/meta-llama/llama-4-maverick,meta-llama/llama-4-maverick,none,openrouter-meta-llama-llama-4-maverick:0e9e004ca1bc25b7,144,144,432,432,266,0.615741,79,0.548611,0.467123,0.627573,92,0.638889,128,0.888889,102,0.708333,0,0,19888,1819,0,1264,0,22971,0.0039543,0,True
old-111-meta-llama-4-scout,Meta: Llama 4 Scout,openrouter/meta-llama/llama-4-scout,meta-llama/llama-4-scout,none,openrouter-meta-llama-llama-4-scout:65fe4c4d98c164a5,144,144,432,432,214,0.49537,63,0.4375,0.359142,0.519106,73,0.506944,127,0.881944,81,0.5625,0,0,21087,1661,0,0,0,22748,0.00218526,0,True
old-134-minimax-minimax-01,MiniMax: MiniMax-01,openrouter/minimax/minimax-01,minimax/minimax-01,default,openrouter-minimax-minimax-01:f4eb5e6b0b456505,144,144,432,432,253,0.585648,59,0.409722,0.332761,0.491375,62,0.430556,140,0.972222,104,0.722222,0,0,323868,1276,0,0,0,325144,0.0661772,0,True
old-83-minimax-minimax-m2,MiniMax: MiniMax M2,openrouter/minimax/minimax-m2,minimax/minimax-m2,default,openrouter-minimax-minimax-m2:5b75da8937838cee,144,144,432,432,406,0.939815,126,0.875,0.811063,0.919449,127,0.881944,143,0.993056,142,0.986111,0,0,29113,117583,113182,2972,0,149668,0.124628815,0,True
old-81-minimax-minimax-m2-1,MiniMax: MiniMax M2.1,openrouter/minimax/minimax-m2.1,minimax/minimax-m2.1,default,openrouter-minimax-minimax-m2-1:eb1d355ea74c7cec,144,144,432,432,365,0.844907,98,0.680556,0.600559,0.751169,98,0.680556,141,0.979167,139,0.965278,0,0,23804,127144,121072,11136,0,162084,0.12736342,3,True
old-88-minimax-minimax-m2-5,MiniMax: MiniMax M2.5,openrouter/minimax/minimax-m2.5,minimax/minimax-m2.5,default,openrouter-minimax-minimax-m2-5:98dd93676fe6951c,144,144,432,432,406,0.939815,126,0.875,0.811063,0.919449,126,0.875,144,1.0,143,0.993056,0,0,15509,108912,104286,18233,0,142654,0.1266846,0,True
old-89-minimax-minimax-m2-7,MiniMax: MiniMax M2.7,openrouter/minimax/minimax-m2.7,minimax/minimax-m2.7,default,openrouter-minimax-minimax-m2-7:c3b6ac716447e08b,144,144,432,432,398,0.921296,119,0.826389,0.756266,0.879551,120,0.833333,143,0.993056,142,0.986111,0,0,23643,117551,108812,9807,0,151001,0.14602902,0,True
old-138-minimax-minimax-m3,MiniMax: MiniMax M3,openrouter/minimax/minimax-m3,minimax/minimax-m3,default,openrouter-minimax-minimax-m3:233665e8d3ca2853,144,144,432,432,395,0.914352,124,0.861111,0.795198,0.908258,125,0.868056,141,0.979167,138,0.958333,0,0,42699,47808,40495,50002,0,140509,0.06108792,0,True
old-133-mistral-codestral-2508,Mistral: Codestral 2508,openrouter/mistralai/codestral-2508,mistralai/codestral-2508,default,openrouter-mistralai-codestral-2508:5f2bbdcb87c8c88a,144,144,432,432,196,0.453704,59,0.409722,0.332761,0.491375,59,0.409722,144,1.0,73,0.506944,0,0,17508,1498,0,768,0,19774,0.00656424,0,True
old-150-mistral-devstral-2-2512,Mistral: Devstral 2 2512,openrouter/mistralai/devstral-2512,mistralai/devstral-2512,default,openrouter-mistralai-devstral-2512:a07741fe406d5d68,144,144,432,432,289,0.668981,94,0.652778,0.571963,0.725653,94,0.652778,144,1.0,99,0.6875,0,0,8980,1472,0,9296,0,19748,0.00481824,0,True
old-113-mistral-ministral-3-14b-2512,Mistral: Ministral 3 14B 2512,openrouter/mistralai/ministral-14b-2512,mistralai/ministral-14b-2512,default,openrouter-mistralai-ministral-14b-2512:a7740f6eb493fa1d,144,144,432,432,205,0.474537,59,0.409722,0.332761,0.491375,59,0.409722,142,0.986111,78,0.541667,0,0,17956,1538,0,320,0,19814,0.0038878,0,True
old-103-mistral-ministral-3-3b-2512,Mistral: Ministral 3 3B 2512,openrouter/mistralai/ministral-3b-2512,mistralai/ministral-3b-2512,default,openrouter-mistralai-ministral-3b-2512:bfeda3ffdd3a5399,144,144,432,432,147,0.340278,36,0.25,0.186395,0.326597,36,0.25,143,0.993056,61,0.423611,0,0,18084,1772,0,192,0,20048,0.00198312,0,True
old-107-mistral-ministral-3-8b-2512,Mistral: Ministral 3 8B 2512,openrouter/mistralai/ministral-8b-2512,mistralai/ministral-8b-2512,default,openrouter-mistralai-ministral-8b-2512:a8cf25c9efd3d91e,144,144,432,432,200,0.462963,60,0.416667,0.339333,0.498331,60,0.416667,143,0.993056,75,0.520833,0,0,18084,1969,0,192,0,20245,0.00300513,0,True
requested-019-mistral-large-default,Mistral Large,openrouter/mistralai/mistral-large,mistralai/mistral-large,default,openrouter-mistralai-mistral-large:892e5a7673a5160d,144,144,432,432,264,0.611111,87,0.604167,0.522585,0.680335,88,0.611111,141,0.979167,89,0.618056,0,0,17124,24080,0,1152,0,42356,0.1769424,0,True
old-174-mistral-large-2407,Mistral Large 2407,openrouter/mistralai/mistral-large-2407,mistralai/mistral-large-2407,default,openrouter-mistralai-mistral-large-2407:d0845ce8b3d5bc48,144,144,432,432,261,0.604167,86,0.597222,0.515597,0.673795,87,0.604167,141,0.979167,88,0.611111,0,0,16676,23739,0,1600,0,42015,0.173432,0,True
old-144-mistral-mistral-large-3-2512,Mistral: Mistral Large 3 2512,openrouter/mistralai/mistral-large-2512,mistralai/mistral-large-2512,default,openrouter-mistralai-mistral-large-2512:487c602f877ecad7,144,144,432,432,260,0.601852,86,0.597222,0.515597,0.673795,87,0.604167,140,0.972222,87,0.604167,0,0,16436,15491,0,1840,0,33767,0.0307385,0,True
old-153-mistral-mistral-medium-3,Mistral: Mistral Medium 3,openrouter/mistralai/mistral-medium-3,mistralai/mistral-medium-3,medium,openrouter-mistralai-mistral-medium-3:9315df4b2e58dc27,144,144,432,432,285,0.659722,93,0.645833,0.564858,0.71923,93,0.645833,144,1.0,97,0.673611,0,0,17508,1701,0,768,0,19977,0.01037792,0,True
manual-20260612-mistralai-mistral-medium-3-5-disabled,Mistral Medium 3.5 disabled,openrouter/mistralai/mistral-medium-3-5,mistralai/mistral-medium-3-5,disabled,openrouter-mistralai-mistral-medium-3-5:bb3f29ce2f68287c,144,144,432,432,265,0.613426,74,0.513889,0.432961,0.594095,74,0.513889,144,1.0,104,0.722222,0,0,21236,1495,0,2224,0,24955,0.0401685,0,True
manual-20260612-mistralai-mistral-medium-3-5-low,Mistral Medium 3.5 low,openrouter/mistralai/mistral-medium-3-5,mistralai/mistral-medium-3-5,low,openrouter-mistralai-mistral-medium-3-5:aeb487b4abc27d31,144,144,432,432,409,0.946759,130,0.902778,0.843423,0.941201,130,0.902778,142,0.986111,141,0.979167,0,0,21188,391316,344083,2272,0,414776,2.963799,2,True
old-175-mistral-mistral-medium-3-5,Mistral: Mistral Medium 3.5,openrouter/mistralai/mistral-medium-3-5,mistralai/mistral-medium-3-5,medium,openrouter-mistralai-mistral-medium-3-5:1c4541e77b731e6a,144,144,432,432,408,0.944444,126,0.875,0.811063,0.919449,127,0.881944,141,0.979167,143,0.993056,0,0,22468,393799,349345,992,0,417259,2.985972,2,True
manual-20260612-mistralai-mistral-medium-3-5-high,Mistral Medium 3.5 high,openrouter/mistralai/mistral-medium-3-5,mistralai/mistral-medium-3-5,high,openrouter-mistralai-mistral-medium-3-5:72c164d572b8f61f,144,144,432,432,413,0.956019,131,0.909722,0.85167,0.946482,131,0.909722,144,1.0,143,0.993056,0,0,19732,388185,342052,3728,0,411645,2.936676,0,True
old-151-mistral-mistral-medium-3-1,Mistral: Mistral Medium 3.1,openrouter/mistralai/mistral-medium-3.1,mistralai/mistral-medium-3.1,medium,openrouter-mistralai-mistral-medium-3-1:e3654a36ebff7aea,144,144,432,432,296,0.685185,98,0.680556,0.600559,0.751169,98,0.680556,144,1.0,99,0.6875,0,0,15620,1491,0,2656,0,19767,0.00841424,0,True
old-13-mistral-mistral-nemo,Mistral: Mistral Nemo,openrouter/mistralai/mistral-nemo,mistralai/mistral-nemo,default,openrouter-mistralai-mistral-nemo:6da07eb7f85fe6d4,144,144,432,432,201,0.465278,55,0.381944,0.306634,0.46339,56,0.388889,143,0.993056,78,0.541667,0,0,19175,1053,0,0,0,20228,0.00041509,0,True
old-126-mistral-saba,Mistral: Saba,openrouter/mistralai/mistral-saba,mistralai/mistral-saba,default,openrouter-mistralai-mistral-saba:f0515e5df4ee6cf6,144,144,432,432,250,0.578704,72,0.5,0.419403,0.580597,72,0.5,144,1.0,95,0.659722,0,0,16820,1540,0,6640,0,25000,0.0034028,0,True
old-19-mistral-mistral-small-3,Mistral: Mistral Small 3,openrouter/mistralai/mistral-small-24b-instruct-2501,mistralai/mistral-small-24b-instruct-2501,default,openrouter-mistralai-mistral-small-24b-instruct-2501:f9d54d5bbb431074,144,144,432,432,172,0.398148,41,0.284722,0.217357,0.363275,46,0.319444,135,0.9375,73,0.506944,0,0,87396,114999,0,0,0,202395,0.01356972,0,True
old-124-mistral-mistral-small-4,Mistral: Mistral Small 4,openrouter/mistralai/mistral-small-2603,mistralai/mistral-small-2603,default,openrouter-mistralai-mistral-small-2603:6b174f7a4e72e877,144,144,432,432,242,0.560185,54,0.375,0.300142,0.456353,54,0.375,144,1.0,105,0.729167,0,0,16148,1541,0,7312,0,25001,0.00276198,0,True
old-106-mistral-mistral-small-3-2-24b,Mistral: Mistral Small 3.2 24B,openrouter/mistralai/mistral-small-3.2-24b-instruct,mistralai/mistral-small-3.2-24b-instruct,default,openrouter-mistralai-mistral-small-3-2-24b-instruct:c1d16c9b6655e482,144,144,432,432,205,0.474537,60,0.416667,0.339333,0.498331,60,0.416667,144,1.0,77,0.534722,0,0,14084,1527,0,4192,0,19803,0.001211625,0,True
old-173-mistral-mixtral-8x22b-instruct,Mistral: Mixtral 8x22B Instruct,openrouter/mistralai/mixtral-8x22b-instruct,mistralai/mixtral-8x22b-instruct,default,openrouter-mistralai-mixtral-8x22b-instruct:da7bd4fcc18797e1,144,144,432,432,253,0.585648,75,0.520833,0.439763,0.600821,75,0.520833,144,1.0,94,0.652778,0,0,18676,1543,0,4784,0,25003,0.0398348,0,True
old-114-mistral-voxtral-small-24b-2507,Mistral: Voxtral Small 24B 2507,openrouter/mistralai/voxtral-small-24b-2507,mistralai/voxtral-small-24b-2507,default,openrouter-mistralai-voxtral-small-24b-2507:413c1d56f92addfb,144,144,432,432,196,0.453704,63,0.4375,0.359142,0.519106,63,0.4375,143,0.993056,68,0.472222,0,0,8020,1739,0,10256,0,20015,0.00090986,0,True
old-98-moonshotai-kimi-k2-0711,MoonshotAI: Kimi K2 0711,openrouter/moonshotai/kimi-k2,moonshotai/kimi-k2,default,openrouter-moonshotai-kimi-k2:46f5ca12f573a3d7,144,144,432,432,303,0.701389,86,0.597222,0.515597,0.673795,87,0.604167,143,0.993056,116,0.805556,0,0,23709,1130,0,0,0,24839,0.01611313,0,True
old-99-moonshotai-kimi-k2-0905,MoonshotAI: Kimi K2 0905,openrouter/moonshotai/kimi-k2-0905,moonshotai/kimi-k2-0905,default,openrouter-moonshotai-kimi-k2-0905:326565c2924512f9,144,144,432,432,298,0.689815,85,0.590278,0.508625,0.667239,86,0.597222,143,0.993056,117,0.8125,0,0,24403,1410,0,0,0,25813,0.0181668,0,True
requested-020-moonshotai-kimi-k2-thinking-default,MoonshotAI: Kimi K2 Thinking,openrouter/moonshotai/kimi-k2-thinking,moonshotai/kimi-k2-thinking,default,openrouter-moonshotai-kimi-k2-thinking:8c92c0c0210c108e,144,144,432,432,427,0.988426,140,0.972222,0.930758,0.989146,140,0.972222,144,1.0,144,1.0,0,0,19693,89168,85908,128,0,108989,0.2347064,0,True
manual-20260612-moonshotai-kimi-k2-5-disabled,OpenRouter moonshotai/kimi-k2.5 disabled,openrouter/moonshotai/kimi-k2.5,moonshotai/kimi-k2.5,disabled,openrouter-moonshotai-kimi-k2-5:3996e6f760ceeb25,144,144,432,432,282,0.652778,64,0.444444,0.365777,0.525999,86,0.597222,119,0.826389,117,0.8125,0,0,15535,4322,0,4852,0,24709,0.01444048,0,True
old-148-moonshotai-kimi-k2-5,MoonshotAI: Kimi K2.5,openrouter/moonshotai/kimi-k2.5,moonshotai/kimi-k2.5,default,openrouter-moonshotai-kimi-k2-5:e7be1bda03305f46,144,144,432,432,427,0.988426,140,0.972222,0.930758,0.989146,140,0.972222,144,1.0,144,1.0,0,0,16606,105554,96028,5265,0,127425,0.20676445,0,True
manual-20260612-moonshotai-kimi-k2-6-disabled,OpenRouter moonshotai/kimi-k2.6 disabled,openrouter/moonshotai/kimi-k2.6,moonshotai/kimi-k2.6,disabled,openrouter-moonshotai-kimi-k2-6:6c696e12602acdcd,144,144,432,432,305,0.706019,82,0.569444,0.487804,0.647476,92,0.638889,132,0.916667,118,0.819444,0,0,16503,10986,0,4028,0,31517,0.048185064,0,True
old-164-moonshotai-kimi-k2-6,MoonshotAI: Kimi K2.6,openrouter/moonshotai/kimi-k2.6,moonshotai/kimi-k2.6,default,openrouter-moonshotai-kimi-k2-6:39570a9ecf6c889e,144,144,432,432,425,0.983796,137,0.951389,0.903064,0.976256,137,0.951389,144,1.0,144,1.0,0,0,17011,79248,75765,3167,0,99426,0.282113568,0,True
manual-20260612-moonshotai-kimi-k2-7-code-default,MoonshotAI Kimi K2.7 Code,openrouter/moonshotai/kimi-k2.7-code,moonshotai/kimi-k2.7-code,default,openrouter-moonshotai-kimi-k2-7-code:82d1497fed596749,144,144,432,432,426,0.986111,138,0.958333,0.912082,0.980766,138,0.958333,144,1.0,144,1.0,0,0,15036,39871,36671,5140,0,60047,0.14975302,0,True
manual-20260612-nvidia-nemotron-3-nano-30b-a3b-default,NVIDIA: Nemotron 3 Nano 30B A3B,openrouter/nvidia/nemotron-3-nano-30b-a3b,nvidia/nemotron-3-nano-30b-a3b,default,openrouter-nvidia-nemotron-3-nano-30b-a3b:ece841fc7b0c7ffc,144,144,432,432,408,0.944444,129,0.895833,0.835244,0.935852,129,0.895833,144,1.0,142,0.986111,0,0,23892,86974,77050,0,0,110866,0.0185894,0,True
manual-20260612-nvidia-nemotron-3-super-120b-a12b-default,NVIDIA: Nemotron 3 Super,openrouter/nvidia/nemotron-3-super-120b-a12b,nvidia/nemotron-3-super-120b-a12b,default,openrouter-nvidia-nemotron-3-super-120b-a12b:9ca201c210c55225,144,144,432,432,407,0.94213,127,0.881944,0.819069,0.924972,127,0.881944,144,1.0,143,0.993056,0,0,22726,48475,44006,0,0,71201,0.02385909,0,True
requested-021-nvidia-nemotron-3-ultra-default,NVIDIA: Nemotron 3 Ultra,openrouter/nvidia/nemotron-3-ultra-550b-a55b,nvidia/nemotron-3-ultra-550b-a55b,default,openrouter-nvidia-nemotron-3-ultra-550b-a55b:9413159303a4389a,144,144,432,432,424,0.981481,139,0.965278,0.921297,0.985079,139,0.965278,144,1.0,143,0.993056,0,0,17316,72635,66580,6576,0,96527,0.1770149,0,True
requested-001-openai-gpt-3-5-turbo-default,OpenAI: GPT-3.5 Turbo,openrouter/openai/gpt-3.5-turbo,openai/gpt-3.5-turbo,none,openrouter-openai-gpt-3-5-turbo:1ee13072d2fd7e58,144,144,432,432,256,0.592593,64,0.444444,0.365777,0.525999,65,0.451389,143,0.993056,103,0.715278,0,0,19833,1220,0,0,0,21053,0.0117465,0,True
requested-002-openai-gpt-3-5-turbo-older-v0613-default,OpenAI: GPT-3.5 Turbo (older v0613),openrouter/openai/gpt-3.5-turbo-0613,openai/gpt-3.5-turbo-0613,none,openrouter-openai-gpt-3-5-turbo-0613:b5aa152c96d42c93,144,144,432,432,309,0.715278,92,0.638889,0.557771,0.712789,92,0.638889,144,1.0,112,0.777778,0,0,19800,1419,0,0,0,21219,0.022638,0,True
requested-003-openai-gpt-3-5-turbo-16k-default,OpenAI: GPT-3.5 Turbo 16k,openrouter/openai/gpt-3.5-turbo-16k,openai/gpt-3.5-turbo-16k,none,openrouter-openai-gpt-3-5-turbo-16k:467cbe53606dbe64,144,144,432,432,281,0.650463,73,0.506944,0.426174,0.587354,73,0.506944,144,1.0,110,0.763889,0,0,19824,1301,0,0,0,21125,0.064676,0,True
requested-004-openai-gpt-3-5-turbo-instruct-default,OpenAI: GPT-3.5 Turbo Instruct,openrouter/openai/gpt-3.5-turbo-instruct,openai/gpt-3.5-turbo-instruct,none,openrouter-openai-gpt-3-5-turbo-instruct:43301deed2b5dc8c,144,144,432,432,154,0.356481,19,0.131944,0.086123,0.196893,25,0.173611,113,0.784722,88,0.611111,0,0,20265,3296,0,0,0,23561,0.0369895,0,True
requested-005-openai-gpt-4-default,OpenAI: GPT-4,openrouter/openai/gpt-4,openai/gpt-4,none,openrouter-openai-gpt-4:4a6c9e3437fbe047,144,144,432,432,345,0.798611,102,0.708333,0.629453,0.776387,105,0.729167,140,0.972222,129,0.895833,0,0,19814,1459,0,0,0,21273,0.68196,0,True
requested-006-openai-gpt-4-turbo-default,OpenAI: GPT-4 Turbo,openrouter/openai/gpt-4-turbo,openai/gpt-4-turbo,none,openrouter-openai-gpt-4-turbo:eb5c1def1705f44a,144,144,432,432,322,0.74537,100,0.694444,0.614967,0.763817,101,0.701389,143,0.993056,115,0.798611,0,0,19833,1151,0,0,0,20984,0.23286,0,True
old-2-openai-gpt-4-1,OpenAI GPT-4.1,openai/gpt-4.1,openai/gpt-4.1,none,openai-gpt-4-1:689c204410d95253,144,144,432,432,336,0.777778,107,0.743056,0.666024,0.807456,109,0.756944,142,0.986111,117,0.8125,0,0,19800,1264,0,0,0,21064,0.049712,0,True
old-3-openai-gpt-4-1-mini,OpenAI GPT-4.1 mini,openai/gpt-4.1-mini,openai/gpt-4.1-mini,none,openai-gpt-4-1-mini:e7ceb0c1ac88b3fb,144,144,432,432,308,0.712963,93,0.645833,0.564858,0.71923,93,0.645833,144,1.0,111,0.770833,0,0,19800,986,0,0,0,20786,0.0094976,0,True
old-118-openai-gpt-4-1-nano,OpenAI GPT-4.1 nano,openai/gpt-4.1-nano,openai/gpt-4.1-nano,none,openai-gpt-4-1-nano:b74fe1fa885dd920,144,144,432,432,263,0.608796,75,0.520833,0.439763,0.600821,75,0.520833,144,1.0,99,0.6875,0,0,19800,1004,0,0,0,20804,0.0023816,0,True
old-178-openai-gpt-4o,OpenAI GPT-4o,openai/gpt-4o,openai/gpt-4o,none,openai-gpt-4o:8c1bae5297e93dcc,144,144,432,432,342,0.791667,103,0.715278,0.636725,0.782643,109,0.756944,137,0.951389,123,0.854167,0,0,19800,1292,0,0,0,21092,0.06242,0,True
requested-007-openai-gpt-4o-2024-05-13-default,OpenAI: GPT-4o (2024-05-13),openrouter/openai/gpt-4o-2024-05-13,openai/gpt-4o-2024-05-13,none,openrouter-openai-gpt-4o-2024-05-13:caec9f14464c777b,144,144,432,432,340,0.787037,101,0.701389,0.6222,0.770112,102,0.708333,142,0.986111,125,0.868056,0,0,19800,1416,0,0,0,21216,0.12024,0,True
requested-008-openai-gpt-4o-2024-08-06-default,OpenAI: GPT-4o (2024-08-06),openrouter/openai/gpt-4o-2024-08-06,openai/gpt-4o-2024-08-06,none,openrouter-openai-gpt-4o-2024-08-06:5ff2e1358ccc5af5,144,144,432,432,344,0.796296,104,0.722222,0.644018,0.788878,108,0.75,140,0.972222,123,0.854167,0,0,19800,1362,0,0,0,21162,0.06312,0,True
requested-009-openai-gpt-4o-2024-11-20-default,OpenAI: GPT-4o (2024-11-20),openrouter/openai/gpt-4o-2024-11-20,openai/gpt-4o-2024-11-20,none,openrouter-openai-gpt-4o-2024-11-20:284f6aa502b43a65,144,144,432,432,350,0.810185,111,0.770833,0.695682,0.83191,111,0.770833,144,1.0,121,0.840278,0,0,19800,1095,0,0,0,20895,0.06045,0,True
old-123-openai-gpt-4o-mini,OpenAI GPT-4o mini,openai/gpt-4o-mini,openai/gpt-4o-mini,none,openai-gpt-4o-mini:ebea6f5629a45b94,144,144,432,432,277,0.641204,78,0.541667,0.46026,0.620908,81,0.5625,141,0.979167,106,0.736111,0,0,19800,1152,0,0,0,20952,0.0036612,0,True
requested-010-openai-gpt-4o-mini-2024-07-18-default,OpenAI: GPT-4o-mini (2024-07-18),openrouter/openai/gpt-4o-mini-2024-07-18,openai/gpt-4o-mini-2024-07-18,none,openrouter-openai-gpt-4o-mini-2024-07-18:300c770b927c0a68,144,144,432,432,285,0.659722,84,0.583333,0.501669,0.660667,85,0.590278,143,0.993056,106,0.736111,0,0,19800,1155,0,0,0,20955,0.003663,0,True
old-177-openai-gpt-5-minimal,OpenAI GPT-5 minimal,openai/gpt-5,openai/gpt-5,minimal,openai-gpt-5:b8037af849747e1e,144,144,432,432,338,0.782407,104,0.722222,0.644018,0.788878,104,0.722222,144,1.0,122,0.847222,0,0,19368,8773,0,0,0,28141,0.11194,0,True
manual-20260612-openai-gpt-5-low,OpenAI openai/gpt-5 low,openai/gpt-5,openai/gpt-5,low,openai-gpt-5:bf895cae0ea50d1a,144,144,432,432,430,0.99537,142,0.986111,0.950777,0.996183,142,0.986111,144,1.0,144,1.0,0,0,19368,42214,24640,0,0,61582,0.44635,0,True
manual-20260612-openai-gpt-5-medium,OpenAI openai/gpt-5 medium,openai/gpt-5,openai/gpt-5,medium,openai-gpt-5:d8bd778b919bc605,144,144,432,432,432,1.0,144,1.0,0.974016,1.0,144,1.0,144,1.0,144,1.0,0,0,19368,68368,51584,0,0,87736,0.70789,0,True
manual-20260612-openai-gpt-5-high,OpenAI openai/gpt-5 high,openai/gpt-5,openai/gpt-5,high,openai-gpt-5:a6d0ff1e3e3eeac7,144,144,432,432,432,1.0,144,1.0,0.974016,1.0,144,1.0,144,1.0,144,1.0,0,0,19368,114972,97728,0,0,134340,1.17393,0,True
old-146-openai-gpt-5-mini-minimal,OpenAI GPT-5 mini minimal,openai/gpt-5-mini,openai/gpt-5-mini,minimal,openai-gpt-5-mini:87eb75d2ccac5d50,144,144,432,432,311,0.719907,89,0.618056,0.53661,0.693366,90,0.625,143,0.993056,115,0.798611,0,0,19368,8808,0,0,0,28176,0.022458,0,True
manual-20260612-openai-gpt-5-mini-low,OpenAI openai/gpt-5-mini low,openai/gpt-5-mini,openai/gpt-5-mini,low,openai-gpt-5-mini:d7f6c7f13e7d1157,144,144,432,432,415,0.960648,135,0.9375,0.885491,0.966773,135,0.9375,144,1.0,141,0.979167,0,0,19368,41040,23808,0,0,60408,0.086922,0,True
manual-20260612-openai-gpt-5-mini-medium,OpenAI openai/gpt-5-mini medium,openai/gpt-5-mini,openai/gpt-5-mini,medium,openai-gpt-5-mini:70d58b43ca95bdcd,144,144,432,432,415,0.960648,137,0.951389,0.903064,0.976256,137,0.951389,144,1.0,139,0.965278,0,0,19368,67647,50432,0,0,87015,0.140136,0,True
manual-20260612-openai-gpt-5-mini-high,OpenAI openai/gpt-5-mini high,openai/gpt-5-mini,openai/gpt-5-mini,high,openai-gpt-5-mini:dd2a8eb78a23fe84,144,144,432,432,421,0.974537,138,0.958333,0.912082,0.980766,138,0.958333,144,1.0,142,0.986111,0,0,19393,123962,106368,0,0,143355,0.25277225,0,True
old-1-openai-gpt-5-nano-minimal,OpenAI GPT-5 nano minimal,openai/gpt-5-nano,openai/gpt-5-nano,minimal,openai-gpt-5-nano:4836966d09173fec,144,144,432,432,221,0.511574,54,0.375,0.300142,0.456353,54,0.375,139,0.965278,92,0.638889,0,0,19368,9441,0,0,0,28809,0.0047448,0,True
old-188-openai-gpt-5-nano-low,OpenAI GPT-5 nano low,openai/gpt-5-nano,openai/gpt-5-nano,low,openai-gpt-5-nano:332eb23dd007be64,144,144,432,432,410,0.949074,131,0.909722,0.85167,0.946482,131,0.909722,144,1.0,142,0.986111,0,0,19368,58592,41600,0,0,77960,0.0244052,0,True
old-190-openai-gpt-5-nano-medium,OpenAI GPT-5 nano medium,openai/gpt-5-nano,openai/gpt-5-nano,medium,openai-gpt-5-nano:e85f35e3737e9542,144,144,432,432,420,0.972222,137,0.951389,0.903064,0.976256,137,0.951389,144,1.0,143,0.993056,0,0,19368,135644,118656,0,0,155012,0.055226,0,True
manual-20260612-openai-gpt-5-nano-high,OpenAI openai/gpt-5-nano high,openai/gpt-5-nano,openai/gpt-5-nano,high,openai-gpt-5-nano:751867ab877c1b3e,144,144,432,432,424,0.981481,140,0.972222,0.930758,0.989146,140,0.972222,144,1.0,142,0.986111,0,0,19619,273609,256507,0,0,293228,0.11042455,0,True
old-180-openai-gpt-5-2-no-thinking,OpenAI GPT-5.2 no thinking,openai/gpt-5.2,openai/gpt-5.2,none,openai-gpt-5-2:dbe251a394f19b81,144,144,432,432,322,0.74537,96,0.666667,0.586225,0.738447,97,0.673611,143,0.993056,120,0.833333,0,0,19368,2725,0,0,0,22093,0.072044,0,True
manual-20260612-openai-gpt-5-2-low,OpenAI openai/gpt-5.2 low,openai/gpt-5.2,openai/gpt-5.2,low,openai-gpt-5-2:92b5ee4883a29999,144,144,432,432,356,0.824074,110,0.763889,0.688232,0.825832,110,0.763889,144,1.0,128,0.888889,0,0,19368,5427,2566,0,0,24795,0.109872,0,True
manual-20260612-openai-gpt-5-2-medium,OpenAI openai/gpt-5.2 medium,openai/gpt-5.2,openai/gpt-5.2,medium,openai-gpt-5-2:9d9a8d2eaa1c7e90,144,144,432,432,370,0.856481,113,0.784722,0.710659,0.843989,113,0.784722,144,1.0,131,0.909722,0,0,19368,9995,6988,0,0,29363,0.173824,0,True
manual-20260612-openai-gpt-5-2-high,OpenAI openai/gpt-5.2 high,openai/gpt-5.2,openai/gpt-5.2,high,openai-gpt-5-2:ad9eff0ae57d79ef,144,144,432,432,394,0.912037,122,0.847222,0.779509,0.896891,122,0.847222,143,0.993056,140,0.972222,0,0,19368,17146,13895,0,0,36514,0.273938,0,True
manual-20260612-openai-gpt-5-2-xhigh,OpenAI openai/gpt-5.2 xhigh,openai/gpt-5.2,openai/gpt-5.2,xhigh,openai-gpt-5-2:ffa8037ec4f4a0cd,144,144,432,432,429,0.993056,142,0.986111,0.950777,0.996183,142,0.986111,144,1.0,144,1.0,0,0,19368,55638,52199,0,0,75006,0.812826,0,True
old-181-openai-gpt-5-4-no-thinking,OpenAI GPT-5.4 no thinking,openai/gpt-5.4,openai/gpt-5.4,none,openai-gpt-5-4:05c289ae1475b90d,144,144,432,432,348,0.805556,107,0.743056,0.666024,0.807456,108,0.75,143,0.993056,124,0.861111,0,0,19368,2729,0,0,0,22097,0.089355,0,True
old-207-openai-gpt-5-4-low,OpenAI GPT-5.4 low,openai/gpt-5.4,openai/gpt-5.4,low,openai-gpt-5-4:27937fff228cc19b,144,144,432,432,420,0.972222,137,0.951389,0.903064,0.976256,137,0.951389,144,1.0,142,0.986111,0,0,19368,15960,12454,0,0,35328,0.28782,0,True
old-208-openai-gpt-5-4-medium,OpenAI GPT-5.4 medium,openai/gpt-5.4,openai/gpt-5.4,medium,openai-gpt-5-4:29cc809e747b41e5,144,144,432,432,420,0.972222,138,0.958333,0.912082,0.980766,138,0.958333,144,1.0,141,0.979167,0,0,19368,23282,19717,0,0,42650,0.39765,0,True
old-209-openai-gpt-5-4-high,OpenAI GPT-5.4 high,openai/gpt-5.4,openai/gpt-5.4,high,openai-gpt-5-4:33d1771cebf7281e,144,144,432,432,425,0.983796,140,0.972222,0.930758,0.989146,140,0.972222,144,1.0,143,0.993056,0,0,19368,29222,25652,0,0,48590,0.48675,0,True
old-210-openai-gpt-5-4-xhigh,OpenAI GPT-5.4 xhigh,openai/gpt-5.4,openai/gpt-5.4,xhigh,openai-gpt-5-4:d19f51c2f7a24a62,144,144,432,432,428,0.990741,142,0.986111,0.950777,0.996183,142,0.986111,144,1.0,143,0.993056,0,0,19368,43031,39455,0,0,62399,0.693885,0,True
old-169-openai-gpt-5-4-mini-no-thinking,OpenAI GPT-5.4 mini no thinking,openai/gpt-5.4-mini,openai/gpt-5.4-mini,none,openai-gpt-5-4-mini:e75a536a4ff8cce2,144,144,432,432,317,0.733796,93,0.645833,0.564858,0.71923,93,0.645833,144,1.0,117,0.8125,0,0,19368,2808,0,0,0,22176,0.027162,0,True
old-170-openai-gpt-5-4-mini-low,OpenAI GPT-5.4 mini low,openai/gpt-5.4-mini,openai/gpt-5.4-mini,low,openai-gpt-5-4-mini:a5243153b76aa1dd,144,144,432,432,408,0.944444,131,0.909722,0.85167,0.946482,131,0.909722,144,1.0,140,0.972222,0,0,19368,18721,15150,0,0,38089,0.0987705,0,True
old-232-openai-gpt-5-4-mini-medium,OpenAI GPT-5.4 mini medium,openai/gpt-5.4-mini,openai/gpt-5.4-mini,medium,openai-gpt-5-4-mini:3017da8593009838,144,144,432,432,409,0.946759,130,0.902778,0.843423,0.941201,130,0.902778,144,1.0,141,0.979167,0,0,19368,24716,21152,0,0,44084,0.125748,0,True
old-233-openai-gpt-5-4-mini-high,OpenAI GPT-5.4 mini high,openai/gpt-5.4-mini,openai/gpt-5.4-mini,high,openai-gpt-5-4-mini:6197e3e75fc42577,144,144,432,432,411,0.951389,130,0.902778,0.843423,0.941201,131,0.909722,143,0.993056,141,0.979167,0,0,19368,32853,29290,0,0,52221,0.1623645,0,True
old-235-openai-gpt-5-4-mini-xhigh,OpenAI GPT-5.4 mini xhigh,openai/gpt-5.4-mini,openai/gpt-5.4-mini,xhigh,openai-gpt-5-4-mini:8ce318df970cabd8,144,144,432,432,418,0.967593,135,0.9375,0.885491,0.966773,135,0.9375,144,1.0,143,0.993056,0,0,19368,58039,54467,0,0,77407,0.2757015,0,True
old-136-openai-gpt-5-4-nano-no-thinking,OpenAI GPT-5.4 nano no thinking,openai/gpt-5.4-nano,openai/gpt-5.4-nano,none,openai-gpt-5-4-nano:951957ceb4ec8896,144,144,432,432,207,0.479167,52,0.361111,0.287211,0.442229,53,0.368056,142,0.986111,88,0.611111,0,0,19368,2876,0,0,0,22244,0.0074686,0,True
old-199-openai-gpt-5-4-nano-low,OpenAI GPT-5.4 nano low,openai/gpt-5.4-nano,openai/gpt-5.4-nano,low,openai-gpt-5-4-nano:a62c5fbfd05da4b9,144,144,432,432,299,0.69213,75,0.520833,0.439763,0.600821,76,0.527778,143,0.993056,123,0.854167,0,0,19368,16958,13779,0,0,36326,0.0250711,0,True
old-230-openai-gpt-5-4-nano-medium,OpenAI GPT-5.4 nano medium,openai/gpt-5.4-nano,openai/gpt-5.4-nano,medium,openai-gpt-5-4-nano:525e52c5d96bfbb3,144,144,432,432,356,0.824074,103,0.715278,0.636725,0.782643,103,0.715278,144,1.0,135,0.9375,0,0,19368,24672,21344,0,0,44040,0.0347136,0,True
old-231-openai-gpt-5-4-nano-high,OpenAI GPT-5.4 nano high,openai/gpt-5.4-nano,openai/gpt-5.4-nano,high,openai-gpt-5-4-nano:10cfc786a9d76fa6,144,144,432,432,382,0.884259,117,0.8125,0.740942,0.867818,118,0.819444,143,0.993056,136,0.944444,0,0,19368,28704,25294,0,0,48072,0.0397536,0,True
old-234-openai-gpt-5-4-nano-xhigh,OpenAI GPT-5.4 nano xhigh,openai/gpt-5.4-nano,openai/gpt-5.4-nano,xhigh,openai-gpt-5-4-nano:a86fbd4a5e7087cd,144,144,432,432,416,0.962963,132,0.916667,0.859992,0.951689,132,0.916667,144,1.0,143,0.993056,0,0,19368,61621,58061,0,0,80989,0.08089985,0,True
old-186-openai-gpt-5-5-no-thinking,OpenAI GPT-5.5 no thinking,openai/gpt-5.5,openai/gpt-5.5,none,openai-gpt-5-5:8813833177eb49af,144,144,432,432,385,0.891204,121,0.840278,0.771725,0.891148,121,0.840278,144,1.0,135,0.9375,0,0,19368,2715,0,0,0,22083,0.17829,0,True
old-185-openai-gpt-5-5-low,OpenAI GPT-5.5 low,openai/gpt-5.5,openai/gpt-5.5,low,openai-gpt-5-5:06b1946238f60937,144,144,432,432,429,0.993056,141,0.979167,0.940542,0.99289,141,0.979167,144,1.0,144,1.0,0,0,19368,18373,14809,0,0,37741,0.64803,0,True
old-203-openai-gpt-5-5-medium,OpenAI GPT-5.5 medium,openai/gpt-5.5,openai/gpt-5.5,medium,openai-gpt-5-5:324dedeba69dd772,144,144,432,432,432,1.0,144,1.0,0.974016,1.0,144,1.0,144,1.0,144,1.0,0,0,19368,21573,17991,0,0,40941,0.74403,0,True
old-204-openai-gpt-5-5-high,OpenAI GPT-5.5 high,openai/gpt-5.5,openai/gpt-5.5,high,openai-gpt-5-5:91bdafeec3993404,144,144,432,432,429,0.993056,141,0.979167,0.940542,0.99289,142,0.986111,143,0.993056,144,1.0,0,0,19368,26261,22679,0,0,45629,0.88467,0,True
old-205-openai-gpt-5-5-xhigh,OpenAI GPT-5.5 xhigh,openai/gpt-5.5,openai/gpt-5.5,xhigh,openai-gpt-5-5:92578fdfdf4046b6,144,144,432,432,432,1.0,144,1.0,0.974016,1.0,144,1.0,144,1.0,144,1.0,0,0,19368,33089,29507,0,0,52457,1.08951,0,True
manual-20260612-openai-gpt-oss-120b-low,OpenRouter openai/gpt-oss-120b low,openrouter/openai/gpt-oss-120b,openai/gpt-oss-120b,low,openrouter-openai-gpt-oss-120b:d4b3754e80efd2f0,144,144,432,432,393,0.909722,120,0.833333,0.763977,0.885367,120,0.833333,144,1.0,138,0.958333,0,0,33094,25364,18638,8903,0,67361,0.00564621,0,True
manual-20260612-openai-gpt-oss-120b-medium,OpenRouter openai/gpt-oss-120b medium,openrouter/openai/gpt-oss-120b,openai/gpt-oss-120b,medium,openrouter-openai-gpt-oss-120b:ea324b57598111ca,144,144,432,432,418,0.967593,135,0.9375,0.885491,0.966773,136,0.944444,143,0.993056,143,0.993056,0,0,31413,41079,36535,10149,0,82641,0.008421792,0,True
manual-20260612-openai-gpt-oss-120b-high,OpenRouter openai/gpt-oss-120b high,openrouter/openai/gpt-oss-120b,openai/gpt-oss-120b,high,openrouter-openai-gpt-oss-120b:609ebe98794d222e,144,144,432,432,417,0.965278,131,0.909722,0.85167,0.946482,131,0.909722,144,1.0,144,1.0,0,0,29188,98457,94635,13049,0,140694,0.018643869,0,True
manual-20260612-openai-gpt-oss-20b-low,OpenRouter openai/gpt-oss-20b low,openrouter/openai/gpt-oss-20b,openai/gpt-oss-20b,low,openrouter-openai-gpt-oss-20b:fd23187425b2678c,144,144,432,432,375,0.868056,108,0.75,0.673403,0.813605,112,0.777778,140,0.972222,138,0.958333,0,0,32513,30788,23725,11979,0,75280,0.005110894,0,True
manual-20260612-openai-gpt-oss-20b-medium,OpenRouter openai/gpt-oss-20b medium,openrouter/openai/gpt-oss-20b,openai/gpt-oss-20b,medium,openrouter-openai-gpt-oss-20b:cf360e464b4ca0cd,144,144,432,432,401,0.928241,122,0.847222,0.779509,0.896891,125,0.868056,141,0.979167,141,0.979167,0,0,25664,62004,55113,19426,0,107094,0.00925853,0,True
manual-20260612-openai-gpt-oss-20b-high,OpenRouter openai/gpt-oss-20b high,openrouter/openai/gpt-oss-20b,openai/gpt-oss-20b,high,openrouter-openai-gpt-oss-20b:9654d64fbed87f4c,144,144,432,432,412,0.953704,133,0.923611,0.868396,0.956813,133,0.923611,143,0.993056,142,0.986111,0,0,21927,121040,114116,23306,0,166273,0.017416821,0,True
manual-20260612-openai-o1-low,OpenRouter openai/o1 low,openrouter/openai/o1,openai/o1,low,openrouter-openai-o1:3f0d419824691e99,144,144,432,432,418,0.967593,134,0.930556,0.876891,0.961845,139,0.965278,139,0.965278,144,1.0,0,0,19368,117353,49166,0,0,136721,7.3317,0,True
manual-20260612-openai-o1-medium,OpenRouter openai/o1 medium,openrouter/openai/o1,openai/o1,medium,openrouter-openai-o1:60a536d39c35d6cf,144,144,432,432,424,0.981481,138,0.958333,0.912082,0.980766,142,0.986111,140,0.972222,143,0.993056,0,0,19368,185410,82997,0,0,204778,11.41512,0,True
manual-20260612-openai-o1-high,OpenRouter openai/o1 high,openrouter/openai/o1,openai/o1,high,openrouter-openai-o1:1db71e24e8886713,144,144,432,432,420,0.972222,133,0.923611,0.868396,0.956813,141,0.979167,136,0.944444,144,1.0,0,0,19368,265152,122688,0,0,284520,16.19964,0,True
manual-20260612-openai-o3-low,OpenRouter openai/o3 low,openrouter/openai/o3,openai/o3,low,openrouter-openai-o3:d654369d6d9287ff,144,144,432,432,424,0.981481,137,0.951389,0.903064,0.976256,137,0.951389,144,1.0,144,1.0,0,0,19368,41735,29069,0,0,61103,0.372616,0,True
manual-20260612-openai-o3-medium,OpenRouter openai/o3 medium,openrouter/openai/o3,openai/o3,medium,openrouter-openai-o3:f5aa45d8d2989066,144,144,432,432,432,1.0,144,1.0,0.974016,1.0,144,1.0,144,1.0,144,1.0,0,0,19368,62107,46428,0,0,81475,0.535592,0,True
manual-20260612-openai-o3-high,OpenRouter openai/o3 high,openrouter/openai/o3,openai/o3,high,openrouter-openai-o3:ed38446db4b8f75c,144,144,432,432,432,1.0,144,1.0,0.974016,1.0,144,1.0,144,1.0,144,1.0,0,0,19368,72735,56094,0,0,92103,0.620616,0,True
manual-20260612-openai-o3-mini-low,OpenRouter openai/o3-mini low,openrouter/openai/o3-mini,openai/o3-mini,low,openrouter-openai-o3-mini:6635590d6d31726a,144,144,432,432,411,0.951389,129,0.895833,0.835244,0.935852,130,0.902778,143,0.993056,143,0.993056,0,0,19368,85551,35630,0,0,104919,0.3977292,0,True
manual-20260612-openai-o3-mini-medium,OpenRouter openai/o3-mini medium,openrouter/openai/o3-mini,openai/o3-mini,medium,openrouter-openai-o3-mini:8f3e9ad3483c38a9,144,144,432,432,416,0.962963,135,0.9375,0.885491,0.966773,136,0.944444,143,0.993056,141,0.979167,0,0,19368,170815,75969,0,0,190183,0.7728908,0,True
manual-20260612-openai-o3-mini-high,OpenRouter openai/o3-mini high,openrouter/openai/o3-mini,openai/o3-mini,high,openrouter-openai-o3-mini:857121070f92c57b,144,144,432,432,422,0.976852,140,0.972222,0.930758,0.989146,140,0.972222,144,1.0,141,0.979167,0,0,19368,420016,200256,0,0,439384,1.8693752,0,True
manual-20260612-openai-o3-mini-high-low,OpenRouter openai/o3-mini-high low,openrouter/openai/o3-mini-high,openai/o3-mini-high,low,openrouter-openai-o3-mini-high:e8081f05a717f6d0,144,144,432,432,425,0.983796,141,0.979167,0.940542,0.99289,141,0.979167,144,1.0,142,0.986111,0,0,19452,430790,206144,0,0,450242,1.9168732,0,True
manual-20260612-openai-o3-mini-high-medium,OpenRouter openai/o3-mini-high medium,openrouter/openai/o3-mini-high,openai/o3-mini-high,medium,openrouter-openai-o3-mini-high:c92aede17796fd92,144,144,432,432,423,0.979167,139,0.965278,0.921297,0.985079,139,0.965278,144,1.0,142,0.986111,0,0,19368,415252,198144,0,0,434620,1.8484136,0,True
requested-014-openai-o3-mini-high-high,OpenAI: o3 Mini High high,openrouter/openai/o3-mini-high,openai/o3-mini-high,high,openrouter-openai-o3-mini-high:371ac74d68b00e62,144,144,432,432,421,0.974537,137,0.951389,0.903064,0.976256,137,0.951389,144,1.0,142,0.986111,0,0,20383,432338,207040,0,0,452721,1.9247085,0,True
manual-20260612-openai-o4-mini-low,OpenRouter openai/o4-mini low,openrouter/openai/o4-mini,openai/o4-mini,low,openrouter-openai-o4-mini:ac02fd4950a42207,144,144,432,432,421,0.974537,138,0.958333,0.912082,0.980766,138,0.958333,144,1.0,143,0.993056,0,0,19368,44418,29042,0,0,63786,0.216744,0,True
manual-20260612-openai-o4-mini-medium,OpenRouter openai/o4-mini medium,openrouter/openai/o4-mini,openai/o4-mini,medium,openrouter-openai-o4-mini:d735d9c466d6ee10,144,144,432,432,425,0.983796,140,0.972222,0.930758,0.989146,140,0.972222,144,1.0,143,0.993056,0,0,19368,70725,53149,0,0,90093,0.3324948,0,True
manual-20260612-openai-o4-mini-high,OpenRouter openai/o4-mini high,openrouter/openai/o4-mini,openai/o4-mini,high,openrouter-openai-o4-mini:ab3a1de66dbb1d28,144,144,432,432,427,0.988426,142,0.986111,0.950777,0.996183,142,0.986111,144,1.0,143,0.993056,0,0,19368,88956,71936,0,0,108324,0.4127112,0,True
manual-20260612-openai-o4-mini-high-low,OpenRouter openai/o4-mini-high low,openrouter/openai/o4-mini-high,openai/o4-mini-high,low,openrouter-openai-o4-mini-high:5506cd4e15930b3b,144,144,432,432,424,0.981481,140,0.972222,0.930758,0.989146,140,0.972222,144,1.0,143,0.993056,0,0,19368,89447,72360,0,0,108815,0.4148716,0,True
manual-20260612-openai-o4-mini-high-medium,OpenRouter openai/o4-mini-high medium,openrouter/openai/o4-mini-high,openai/o4-mini-high,medium,openrouter-openai-o4-mini-high:9d8be51babaaee34,144,144,432,432,425,0.983796,139,0.965278,0.921297,0.985079,139,0.965278,144,1.0,144,1.0,0,0,19377,85038,67520,0,0,104415,0.3954819,0,True
requested-016-openai-o4-mini-high-high,OpenAI: o4 Mini High high,openrouter/openai/o4-mini-high,openai/o4-mini-high,high,openrouter-openai-o4-mini-high:2860a29b154f042b,144,144,432,432,424,0.981481,139,0.965278,0.921297,0.985079,139,0.965278,144,1.0,143,0.993056,0,0,19368,89513,71808,0,0,108881,0.415162,0,True
old-54-qwen2-5-72b-instruct,Qwen2.5 72B Instruct,openrouter/qwen/qwen-2.5-72b-instruct,qwen/qwen-2.5-72b-instruct,default,openrouter-qwen-qwen-2-5-72b-instruct:87b706d378ff4673,144,144,432,432,254,0.587963,75,0.520833,0.439763,0.600821,76,0.527778,143,0.993056,94,0.652778,0,0,20319,1271,0,0,0,21590,0.00782324,0,True
old-20-qwen-qwen2-5-7b-instruct,Qwen: Qwen2.5 7B Instruct,openrouter/qwen/qwen-2.5-7b-instruct,qwen/qwen-2.5-7b-instruct,default,openrouter-qwen-qwen-2-5-7b-instruct:6a575fb4a06fb077,144,144,432,432,199,0.460648,58,0.402778,0.326205,0.484403,58,0.402778,144,1.0,74,0.513889,0,0,29391,5605,0,0,0,34996,0.00173614,0,True
old-71-qwen-qwen-plus,Qwen: Qwen-Plus,openrouter/qwen/qwen-plus,qwen/qwen-plus,default,openrouter-qwen-qwen-plus:20f17aa0cfaad72b,144,144,432,432,285,0.659722,95,0.659722,0.579085,0.732059,95,0.659722,144,1.0,95,0.659722,0,0,20319,1056,0,0,0,21375,0.00610662,0,True
old-72-qwen-qwen-plus-0728,Qwen: Qwen Plus 0728,openrouter/qwen/qwen-plus-2025-07-28,qwen/qwen-plus-2025-07-28,default,openrouter-qwen-qwen-plus-2025-07-28:a3e07f4ff6e6f9ab,144,144,432,432,261,0.604167,87,0.604167,0.522585,0.680335,87,0.604167,144,1.0,87,0.604167,0,0,20319,1089,0,0,0,21408,0.00613236,0,True
old-128-qwen-qwen2-5-vl-72b-instruct,Qwen: Qwen2.5 VL 72B Instruct,openrouter/qwen/qwen2.5-vl-72b-instruct,qwen/qwen2.5-vl-72b-instruct,default,openrouter-qwen-qwen2-5-vl-72b-instruct:cd19bff8789e443e,144,144,432,432,209,0.483796,52,0.361111,0.287211,0.442229,54,0.375,140,0.972222,90,0.625,0,0,12616,1516,0,10320,0,24452,0.0031135,0,True
old-38-qwen-qwen3-14b,Qwen: Qwen3 14B,openrouter/qwen/qwen3-14b,qwen/qwen3-14b,default,openrouter-qwen-qwen3-14b:507ddf465346b833,144,144,432,432,414,0.958333,132,0.916667,0.859992,0.951689,132,0.916667,144,1.0,143,0.993056,0,0,20751,168189,152318,0,0,188940,0.04244046,0,True
old-95-qwen-qwen3-235b-a22b,Qwen: Qwen3 235B A22B,openrouter/qwen/qwen3-235b-a22b,qwen/qwen3-235b-a22b,default,openrouter-qwen-qwen3-235b-a22b:3be70a482cfc6792,144,144,432,432,399,0.923611,122,0.847222,0.779509,0.896891,130,0.902778,129,0.895833,141,0.979167,0,0,20319,248922,241638,0,0,269241,0.462283185,0,True
old-22-qwen-qwen3-235b-a22b-instruct-2507,Qwen: Qwen3 235B A22B Instruct 2507,openrouter/qwen/qwen3-235b-a22b-2507,qwen/qwen3-235b-a22b-2507,default,openrouter-qwen-qwen3-235b-a22b-2507:a73162d85f53940a,144,144,432,432,272,0.62963,79,0.548611,0.467123,0.627573,79,0.548611,144,1.0,104,0.722222,0,0,19301,1339,0,1019,0,21659,0.001450311,0,True
old-23-qwen-qwen3-235b-a22b-thinking-2507,Qwen: Qwen3 235B A22B Thinking 2507,openrouter/qwen/qwen3-235b-a22b-thinking-2507,qwen/qwen3-235b-a22b-thinking-2507,default,openrouter-qwen-qwen3-235b-a22b-thinking-2507:cf06140e8130825b,144,144,432,432,423,0.979167,136,0.944444,0.894209,0.971583,136,0.944444,144,1.0,144,1.0,0,0,19214,282605,273180,1376,0,303195,0.0302635,0,True
old-60-qwen-qwen3-30b-a3b,Qwen: Qwen3 30B A3B,openrouter/qwen/qwen3-30b-a3b,qwen/qwen3-30b-a3b,default,openrouter-qwen-qwen3-30b-a3b:2b8b02db17172ab5,144,144,432,432,412,0.953704,132,0.916667,0.859992,0.951689,136,0.944444,140,0.972222,142,0.986111,0,0,20567,183978,170261,0,0,204545,0.08464113,0,True
old-33-qwen-qwen3-30b-a3b-instruct-2507,Qwen: Qwen3 30B A3B Instruct 2507,openrouter/qwen/qwen3-30b-a3b-instruct-2507,qwen/qwen3-30b-a3b-instruct-2507,default,openrouter-qwen-qwen3-30b-a3b-instruct-2507:02bdc14cbc25b0fb,144,144,432,432,233,0.539352,70,0.486111,0.405905,0.567039,70,0.486111,144,1.0,86,0.597222,0,0,13819,5755,0,6500,0,26074,0.00254991,0,True
old-51-qwen-qwen3-30b-a3b-thinking-2507,Qwen: Qwen3 30B A3B Thinking 2507,openrouter/qwen/qwen3-30b-a3b-thinking-2507,qwen/qwen3-30b-a3b-thinking-2507,default,openrouter-qwen-qwen3-30b-a3b-thinking-2507:e4eb0f3e19dab2db,144,144,432,432,419,0.969907,138,0.958333,0.912082,0.980766,139,0.965278,143,0.993056,142,0.986111,0,0,20319,338636,334987,0,0,358955,0.13707992,0,True
old-40-qwen-qwen3-32b,Qwen: Qwen3 32B,openrouter/qwen/qwen3-32b,qwen/qwen3-32b,default,openrouter-qwen-qwen3-32b:7ebd1a5371e17f4c,144,144,432,432,335,0.775463,78,0.541667,0.46026,0.620908,108,0.75,108,0.75,136,0.944444,0,0,18510,178390,167241,2255,0,199155,0.0512976,0,True
old-49-qwen-qwen3-8b,Qwen: Qwen3 8B,openrouter/qwen/qwen3-8b,qwen/qwen3-8b,default,openrouter-qwen-qwen3-8b:8ce70b1faac526ab,144,144,432,432,269,0.622685,86,0.597222,0.515597,0.673795,90,0.625,140,0.972222,93,0.645833,0,0,20319,104945,101778,0,0,125264,0.04299395,0,True
old-94-qwen-qwen3-coder-480b-a35b,Qwen: Qwen3 Coder 480B A35B,openrouter/qwen/qwen3-coder,qwen/qwen3-coder,default,openrouter-qwen-qwen3-coder:68350b2ac144c8cc,144,144,432,432,295,0.68287,89,0.618056,0.53661,0.693366,89,0.618056,142,0.986111,108,0.75,0,0,14171,1697,0,6148,0,22016,0.00537978,0,True
old-39-qwen-qwen3-coder-30b-a3b-instruct,Qwen: Qwen3 Coder 30B A3B Instruct,openrouter/qwen/qwen3-coder-30b-a3b-instruct,qwen/qwen3-coder-30b-a3b-instruct,default,openrouter-qwen-qwen3-coder-30b-a3b-instruct:4428e26bb9a479e2,144,144,432,432,217,0.502315,64,0.444444,0.365777,0.525999,67,0.465278,139,0.965278,82,0.569444,0,0,20319,7830,0,0,0,28149,0.00353643,0,True
old-82-qwen-qwen3-coder-flash,Qwen: Qwen3 Coder Flash,openrouter/qwen/qwen3-coder-flash,qwen/qwen3-coder-flash,default,openrouter-qwen-qwen3-coder-flash:61e4bcf413d2a0e9,144,144,432,432,210,0.486111,67,0.465278,0.385772,0.546588,73,0.506944,136,0.944444,73,0.506944,0,0,20319,2907,0,0,0,23226,0.00679653,0,True
old-74-qwen-qwen3-coder-next,Qwen: Qwen3 Coder Next,openrouter/qwen/qwen3-coder-next,qwen/qwen3-coder-next,default,openrouter-qwen-qwen3-coder-next:0458c1f3e46a7bac,144,144,432,432,246,0.569444,62,0.430556,0.352524,0.512196,62,0.430556,144,1.0,105,0.729167,0,0,19935,1540,0,384,0,21859,0.00343941,0,True
old-160-qwen-qwen3-coder-plus,Qwen: Qwen3 Coder Plus,openrouter/qwen/qwen3-coder-plus,qwen/qwen3-coder-plus,default,openrouter-qwen-qwen3-coder-plus:546e054b53b26313,144,144,432,432,244,0.564815,76,0.527778,0.44658,0.607532,82,0.569444,135,0.9375,86,0.597222,0,0,20319,4834,0,0,0,25153,0.02891785,0,True
old-165-qwen-qwen3-max,Qwen: Qwen3 Max,openrouter/qwen/qwen3-max,qwen/qwen3-max,max,openrouter-qwen-qwen3-max:1e8ff07e8dbdfa5d,144,144,432,432,308,0.712963,99,0.6875,0.607754,0.757502,99,0.6875,144,1.0,106,0.736111,0,0,20319,1044,0,0,0,21363,0.01992042,0,True
old-12-qwen3-next-80b-a3b-instruct,Qwen3 Next 80B A3B Instruct,openrouter/qwen/qwen3-next-80b-a3b-instruct,qwen/qwen3-next-80b-a3b-instruct,default,openrouter-qwen-qwen3-next-80b-a3b-instruct:cc6d43c133aeda5d,144,144,432,432,262,0.606481,81,0.5625,0.480894,0.640858,81,0.5625,144,1.0,96,0.666667,0,0,20319,1390,0,0,0,21709,0.00335771,0,True
old-70-qwen-qwen3-next-80b-a3b-thinking,Qwen: Qwen3 Next 80B A3B Thinking,openrouter/qwen/qwen3-next-80b-a3b-thinking,qwen/qwen3-next-80b-a3b-thinking,default,openrouter-qwen-qwen3-next-80b-a3b-thinking:8eaa0476d08b898a,144,144,432,432,408,0.944444,124,0.861111,0.795198,0.908258,131,0.909722,136,0.944444,143,0.993056,0,0,20583,486875,462108,0,0,507458,0.3817693425,0,True
old-129-qwen-qwen3-vl-235b-a22b-instruct,Qwen: Qwen3 VL 235B A22B Instruct,openrouter/qwen/qwen3-vl-235b-a22b-instruct,qwen/qwen3-vl-235b-a22b-instruct,default,openrouter-qwen-qwen3-vl-235b-a22b-instruct:e37c7e2239371f2b,144,144,432,432,294,0.680556,92,0.638889,0.557771,0.712789,92,0.638889,144,1.0,102,0.708333,0,0,18063,1473,0,2256,0,21792,0.0049272,0,True
old-156-qwen-qwen3-vl-235b-a22b-thinking,Qwen: Qwen3 VL 235B A22B Thinking,openrouter/qwen/qwen3-vl-235b-a22b-thinking,qwen/qwen3-vl-235b-a22b-thinking,default,openrouter-qwen-qwen3-vl-235b-a22b-thinking:aa80639d6ff0acd9,144,144,432,432,423,0.979167,137,0.951389,0.903064,0.976256,139,0.965278,142,0.986111,144,1.0,0,0,21183,314193,311854,0,0,335376,0.82240938,0,True
old-121-qwen-qwen3-vl-30b-a3b-instruct,Qwen: Qwen3 VL 30B A3B Instruct,openrouter/qwen/qwen3-vl-30b-a3b-instruct,qwen/qwen3-vl-30b-a3b-instruct,default,openrouter-qwen-qwen3-vl-30b-a3b-instruct:e564f1efb8773685,144,144,432,432,225,0.520833,67,0.465278,0.385772,0.546588,67,0.465278,144,1.0,85,0.590278,0,0,20319,1724,0,0,0,22043,0.00353795,0,True
old-140-qwen-qwen3-vl-30b-a3b-thinking,Qwen: Qwen3 VL 30B A3B Thinking,openrouter/qwen/qwen3-vl-30b-a3b-thinking,qwen/qwen3-vl-30b-a3b-thinking,default,openrouter-qwen-qwen3-vl-30b-a3b-thinking:4caf0324c3d4e66e,144,144,432,432,404,0.935185,124,0.861111,0.795198,0.908258,128,0.888889,139,0.965278,142,0.986111,0,0,21183,410378,406839,0,0,431561,0.64294347,0,True
old-120-qwen-qwen3-vl-8b-instruct,Qwen: Qwen3 VL 8B Instruct,openrouter/qwen/qwen3-vl-8b-instruct,qwen/qwen3-vl-8b-instruct,default,openrouter-qwen-qwen3-vl-8b-instruct:c27dcd3d5c987786,144,144,432,432,212,0.490741,63,0.4375,0.359142,0.519106,63,0.4375,144,1.0,81,0.5625,0,0,19823,1526,0,496,0,21845,0.0023278,0,True
old-137-qwen-qwen3-vl-8b-thinking,Qwen: Qwen3 VL 8B Thinking,openrouter/qwen/qwen3-vl-8b-thinking,qwen/qwen3-vl-8b-thinking,default,openrouter-qwen-qwen3-vl-8b-thinking:009b0eba520c05b5,144,144,432,432,381,0.881944,119,0.826389,0.756266,0.879551,124,0.861111,129,0.895833,133,0.923611,0,0,21183,495988,482805,0,0,517171,0.679502031,0,True
old-149-qwen-qwen3-5-122b-a10b,Qwen: Qwen3.5-122B-A10B,openrouter/qwen/qwen3.5-122b-a10b,qwen/qwen3.5-122b-a10b,default,openrouter-qwen-qwen3-5-122b-a10b:a5c631edf9d86b01,144,144,432,432,427,0.988426,140,0.972222,0.930758,0.989146,140,0.972222,144,1.0,144,1.0,0,0,21972,209659,203547,0,0,231631,0.44180344,0,True
old-142-qwen-qwen3-5-27b,Qwen: Qwen3.5-27B,openrouter/qwen/qwen3.5-27b,qwen/qwen3.5-27b,default,openrouter-qwen-qwen3-5-27b:f19782de7da36de9,144,144,432,432,432,1.0,144,1.0,0.974016,1.0,144,1.0,144,1.0,144,1.0,0,0,21972,172126,160625,0,0,194098,0.2728011,0,True
old-131-qwen-qwen3-5-35b-a3b,Qwen: Qwen3.5-35B-A3B,openrouter/qwen/qwen3.5-35b-a3b,qwen/qwen3.5-35b-a3b,default,openrouter-qwen-qwen3-5-35b-a3b:ffdf97945c4a9581,144,144,432,432,418,0.967593,132,0.916667,0.859992,0.951689,132,0.916667,144,1.0,144,1.0,0,0,21970,246229,223750,0,0,268199,0.2493048,0,True
old-154-qwen-qwen3-5-397b-a17b,Qwen: Qwen3.5 397B A17B,openrouter/qwen/qwen3.5-397b-a17b,qwen/qwen3.5-397b-a17b,default,openrouter-qwen-qwen3-5-397b-a17b:05055c3ab4e8affa,144,144,432,432,429,0.993056,143,0.993056,0.961715,0.998773,143,0.993056,144,1.0,143,0.993056,0,0,21908,185636,172181,64,0,207608,0.44292417,0,True
old-102-qwen-qwen3-5-9b,Qwen: Qwen3.5-9B,openrouter/qwen/qwen3.5-9b,qwen/qwen3.5-9b,default,openrouter-qwen-qwen3-5-9b:b064b612f84f8582,144,144,432,432,385,0.891204,115,0.798611,0.725743,0.855961,116,0.805556,140,0.972222,139,0.965278,0,0,21972,315156,279565,0,0,337128,0.04815228,2,True
old-109-qwen-qwen3-5-flash,Qwen: Qwen3.5-Flash,openrouter/qwen/qwen3.5-flash-02-23,qwen/qwen3.5-flash-02-23,default,openrouter-qwen-qwen3-5-flash-02-23:e5fb023743e125c9,144,144,432,432,417,0.965278,133,0.923611,0.868396,0.956813,133,0.923611,143,0.993056,143,0.993056,0,0,21972,257378,254255,0,0,279350,0.06834646,0,True
old-143-qwen-qwen3-5-plus-2026-02-15,Qwen: Qwen3.5 Plus 2026-02-15,openrouter/qwen/qwen3.5-plus-02-15,qwen/qwen3.5-plus-02-15,default,openrouter-qwen-qwen3-5-plus-02-15:d923a907f53df628,144,144,432,432,430,0.99537,142,0.986111,0.950777,0.996183,142,0.986111,144,1.0,144,1.0,0,0,21972,179394,176276,0,0,201366,0.28556736,0,True
old-145-qwen-qwen3-5-plus-2026-04-20,Qwen: Qwen3.5 Plus 2026-04-20,openrouter/qwen/qwen3.5-plus-20260420,qwen/qwen3.5-plus-20260420,default,openrouter-qwen-qwen3-5-plus-20260420:1e13d1aa80a85317,144,144,432,432,416,0.962963,131,0.909722,0.85167,0.946482,132,0.916667,143,0.993056,144,1.0,0,0,21972,221298,218219,0,0,243270,0.404928,0,True
old-158-qwen-qwen3-6-27b,Qwen: Qwen3.6 27B,openrouter/qwen/qwen3.6-27b,qwen/qwen3.6-27b,default,openrouter-qwen-qwen3-6-27b:7ba87ea7be4efd94,144,144,432,432,415,0.960648,130,0.902778,0.843423,0.941201,130,0.902778,144,1.0,143,0.993056,0,0,21844,165376,134850,128,0,187348,0.53552433,0,True
old-130-qwen-qwen3-6-35b-a3b,Qwen: Qwen3.6 35B A3B,openrouter/qwen/qwen3.6-35b-a3b,qwen/qwen3.6-35b-a3b,default,openrouter-qwen-qwen3-6-35b-a3b:a97f1819a5b2d504,144,144,432,432,408,0.944444,127,0.881944,0.819069,0.924972,128,0.888889,142,0.986111,142,0.986111,0,0,21971,238793,216549,0,0,260764,0.24186894,1,True
old-196-qwen-qwen3-6-35b-a3b-low-budget-512,Qwen: Qwen3.6 35B A3B low_budget_512,openrouter/qwen/qwen3.6-35b-a3b,qwen/qwen3.6-35b-a3b,low,openrouter-qwen-qwen3-6-35b-a3b:42b609ed25232404,144,144,432,432,408,0.944444,125,0.868056,0.803107,0.913877,126,0.875,142,0.986111,143,0.993056,0,0,21972,229266,205282,0,0,251238,0.23234208,1,True
old-135-qwen-qwen3-6-flash,Qwen: Qwen3.6 Flash,openrouter/qwen/qwen3.6-flash,qwen/qwen3.6-flash,default,openrouter-qwen-qwen3-6-flash:a1358eb2d56784b5,144,144,432,432,401,0.928241,125,0.868056,0.803107,0.913877,126,0.875,143,0.993056,141,0.979167,0,0,21972,215978,212899,0,0,237950,0.247095,0,True
old-198-qwen-qwen3-6-flash-low-budget-512,Qwen: Qwen3.6 Flash low_budget_512,openrouter/qwen/qwen3.6-flash,qwen/qwen3.6-flash,low,openrouter-qwen-qwen3-6-flash:5c1e4a5be08b97af,144,144,432,432,406,0.939815,127,0.881944,0.819069,0.924972,128,0.888889,143,0.993056,141,0.979167,0,0,21972,212798,209686,0,0,234770,0.2435175,0,True
old-171-qwen-qwen3-6-max-preview,Qwen: Qwen3.6 Max Preview,openrouter/qwen/qwen3.6-max-preview,qwen/qwen3.6-max-preview,max,openrouter-qwen-qwen3-6-max-preview:57df20013ebd6c40,144,144,432,432,427,0.988426,141,0.979167,0.940542,0.99289,141,0.979167,144,1.0,144,1.0,0,0,21972,151441,148358,0,0,173413,0.96784272,0,True
old-147-qwen-qwen3-6-plus,Qwen: Qwen3.6 Plus,openrouter/qwen/qwen3.6-plus,qwen/qwen3.6-plus,default,openrouter-qwen-qwen3-6-plus:7e7647c87639a1e5,144,144,432,432,419,0.969907,135,0.9375,0.885491,0.966773,136,0.944444,142,0.986111,142,0.986111,0,0,21972,190411,187239,0,0,212383,0.37844235,0,True
old-166-qwen-qwen3-7-max,Qwen: Qwen3.7 Max,openrouter/qwen/qwen3.7-max,qwen/qwen3.7-max,max,openrouter-qwen-qwen3-7-max:890c68a827465ce8,144,144,432,432,426,0.986111,140,0.972222,0.930758,0.989146,140,0.972222,144,1.0,144,1.0,0,0,21970,122979,119899,0,0,144949,0.48863375,0,True
manual-20260612-x-ai-grok-4-20-disabled,OpenRouter x-ai/grok-4.20 disabled,openrouter/x-ai/grok-4.20,x-ai/grok-4.20,disabled,openrouter-x-ai-grok-4-20:e6a5f536cc542e85,144,144,432,432,267,0.618056,78,0.541667,0.46026,0.620908,82,0.569444,138,0.958333,99,0.6875,0,0,15179,3046,0,54208,0,72433,0.0204791,0,True
manual-20260612-x-ai-grok-4-20-low,OpenRouter x-ai/grok-4.20 low,openrouter/x-ai/grok-4.20,x-ai/grok-4.20,low,openrouter-x-ai-grok-4-20:f37d9562b6a0376b,144,144,432,432,67,0.155093,6,0.041667,0.019234,0.087918,142,0.986111,7,0.048611,44,0.305556,0,0,14635,335892,295276,55616,0,406143,0.8517207,0,True
manual-20260612-x-ai-grok-4-20-medium,OpenRouter x-ai/grok-4.20 medium,openrouter/x-ai/grok-4.20,x-ai/grok-4.20,medium,openrouter-x-ai-grok-4-20:1e31465139293a58,144,144,432,432,90,0.208333,12,0.083333,0.048311,0.140008,142,0.986111,13,0.090278,55,0.381944,0,0,13803,327824,288195,56448,0,398075,0.83133085,0,True
manual-20260612-x-ai-grok-4-20-high,OpenRouter x-ai/grok-4.20 high,openrouter/x-ai/grok-4.20,x-ai/grok-4.20,high,openrouter-x-ai-grok-4-20:7705f62da199a888,144,144,432,432,71,0.164352,6,0.041667,0.019234,0.087918,142,0.986111,7,0.048611,43,0.298611,0,0,13675,326063,285666,56576,0,396314,0.8269302,0,True
manual-20260612-x-ai-grok-4-20-xhigh,OpenRouter x-ai/grok-4.20 xhigh,openrouter/x-ai/grok-4.20,x-ai/grok-4.20,xhigh,openrouter-x-ai-grok-4-20:8d7e56197d320b96,144,144,432,432,74,0.171296,8,0.055556,0.028417,0.105791,140,0.972222,9,0.0625,42,0.291667,0,0,13611,332726,291740,56640,0,402977,0.84361175,0,True
manual-20260612-x-ai-grok-4-3-disabled,OpenRouter x-ai/grok-4.3 disabled,openrouter/x-ai/grok-4.3,x-ai/grok-4.3,disabled,openrouter-x-ai-grok-4-3:3d68573347f7526b,144,144,432,432,268,0.62037,70,0.486111,0.405905,0.567039,70,0.486111,144,1.0,109,0.756944,0,0,16971,1006,0,52416,0,70393,0.01591195,0,True
manual-20260612-x-ai-grok-4-3-low,OpenRouter x-ai/grok-4.3 low,openrouter/x-ai/grok-4.3,x-ai/grok-4.3,low,openrouter-x-ai-grok-4-3:e5ecc692e52c2249,144,144,432,432,203,0.469907,39,0.270833,0.204908,0.348668,139,0.965278,39,0.270833,98,0.680556,0,0,16143,132880,117619,56576,0,205599,0.3435627,0,True
manual-20260612-x-ai-grok-4-3-medium,OpenRouter x-ai/grok-4.3 medium,openrouter/x-ai/grok-4.3,x-ai/grok-4.3,medium,openrouter-x-ai-grok-4-3:24512969e6a3d83f,144,144,432,432,194,0.449074,32,0.222222,0.162037,0.296842,141,0.979167,35,0.243056,92,0.638889,0,0,17483,222924,204965,55360,0,295767,0.569422,0,True
manual-20260612-x-ai-grok-4-3-high,OpenRouter x-ai/grok-4.3 high,openrouter/x-ai/grok-4.3,x-ai/grok-4.3,high,openrouter-x-ai-grok-4-3:46ecbf4254ba5a8f,144,144,432,432,405,0.9375,119,0.826389,0.756266,0.879551,142,0.986111,121,0.840278,144,1.0,0,0,16299,164755,163536,53952,0,235006,0.4246204,0,True
manual-20260612-x-ai-grok-4-3-xhigh,OpenRouter x-ai/grok-4.3 xhigh,openrouter/x-ai/grok-4.3,x-ai/grok-4.3,xhigh,openrouter-x-ai-grok-4-3:57b60814859ed41b,144,144,432,432,410,0.949074,123,0.854167,0.787333,0.902595,141,0.979167,126,0.875,144,1.0,0,0,15467,161381,160141,54784,0,231632,0.41584555,0,True
old-157-grok-build-0-1,Grok Build 0.1,grok/grok-build-0.1,x-ai/grok-build-0.1,default,grok-grok-build-0-1:79c4f8d473e2034c,144,144,432,432,325,0.752315,71,0.493056,0.412646,0.573826,143,0.993056,72,0.5,138,0.958333,0,0,14891,5229,299679,55360,0,375159,0.022473,0,True
manual-20260612-x-ai-grok-build-0-1-low,OpenRouter x-ai/grok-build-0.1 low,openrouter/x-ai/grok-build-0.1,x-ai/grok-build-0.1,low,openrouter-x-ai-grok-build-0-1:9c36d43605dd01be,144,144,432,432,296,0.685185,59,0.409722,0.332761,0.491375,142,0.986111,60,0.416667,132,0.916667,0,0,13931,316650,307854,56320,0,386901,0.645235,0,True
manual-20260612-x-ai-grok-build-0-1-medium,OpenRouter x-ai/grok-build-0.1 medium,openrouter/x-ai/grok-build-0.1,x-ai/grok-build-0.1,medium,openrouter-x-ai-grok-build-0-1:8ac994c3683d90bf,144,144,432,432,300,0.694444,59,0.409722,0.332761,0.491375,143,0.993056,60,0.416667,127,0.881944,0,0,13867,313403,304747,56384,0,383654,0.6388178,0,True
manual-20260612-x-ai-grok-build-0-1-high,OpenRouter x-ai/grok-build-0.1 high,openrouter/x-ai/grok-build-0.1,x-ai/grok-build-0.1,high,openrouter-x-ai-grok-build-0-1:57c906fc476bc122,144,144,432,432,297,0.6875,62,0.430556,0.352524,0.512196,143,0.993056,63,0.4375,132,0.916667,0,0,14123,301995,291839,56128,0,372246,0.6160886,0,True
manual-20260612-x-ai-grok-build-0-1-xhigh,OpenRouter x-ai/grok-build-0.1 xhigh,openrouter/x-ai/grok-build-0.1,x-ai/grok-build-0.1,xhigh,openrouter-x-ai-grok-build-0-1:c3c1015a3a74418d,144,144,432,432,294,0.680556,53,0.368056,0.293668,0.4493,140,0.972222,55,0.381944,135,0.9375,0,0,13995,309158,293587,56256,0,379409,0.6302982,0,True
manual-20260612-z-ai-glm-4-5-disabled,OpenRouter z-ai/glm-4.5 disabled,openrouter/z-ai/glm-4.5,z-ai/glm-4.5,disabled,openrouter-z-ai-glm-4-5:26fab80f711b5975,144,144,432,432,303,0.701389,86,0.597222,0.515597,0.673795,86,0.597222,144,1.0,114,0.791667,0,0,5679,1472,0,15015,0,22166,0.00573125,0,True
old-97-z-ai-glm-4-5,Z.ai: GLM 4.5,openrouter/z-ai/glm-4.5,z-ai/glm-4.5,default,openrouter-z-ai-glm-4-5:0a91244bc8ccbbf7,144,144,432,432,420,0.972222,133,0.923611,0.868396,0.956813,133,0.923611,144,1.0,144,1.0,0,0,5474,322859,320550,13492,0,341825,0.71284852,0,True
manual-20260612-z-ai-glm-4-5-air-disabled,OpenRouter z-ai/glm-4.5-air disabled,openrouter/z-ai/glm-4.5-air,z-ai/glm-4.5-air,disabled,openrouter-z-ai-glm-4-5-air:18243281d93db521,144,144,432,432,257,0.594907,76,0.527778,0.44658,0.607532,76,0.527778,144,1.0,97,0.673611,0,0,6110,1382,0,14584,0,22076,0.002459615,0,True
old-77-z-ai-glm-4-5-air,Z.ai: GLM 4.5 Air,openrouter/z-ai/glm-4.5-air,z-ai/glm-4.5-air,default,openrouter-z-ai-glm-4-5-air:10026bd61e7a017e,144,144,432,432,400,0.925926,120,0.833333,0.763977,0.885367,122,0.847222,142,0.986111,141,0.979167,0,0,7393,294457,286666,11713,0,313563,0.25158073,0,True
old-152-z-ai-glm-4-5v,Z.ai: GLM 4.5V,openrouter/z-ai/glm-4.5v,z-ai/glm-4.5v,default,openrouter-z-ai-glm-4-5v:63eb3e1568e50723,144,144,432,432,316,0.731481,99,0.6875,0.607754,0.757502,110,0.763889,116,0.805556,112,0.777778,0,0,9065,110618,82424,10765,0,130448,0.20246255,0,True
manual-20260612-z-ai-glm-4-6-disabled,OpenRouter z-ai/glm-4.6 disabled,openrouter/z-ai/glm-4.6,z-ai/glm-4.6,disabled,openrouter-z-ai-glm-4-6:b02c0a7a0e420d55,144,144,432,432,295,0.68287,83,0.576389,0.494728,0.65408,84,0.583333,143,0.993056,112,0.777778,0,0,15894,1335,0,4392,0,21621,0.00782609,0,True
old-92-z-ai-glm-4-6,Z.ai: GLM 4.6,openrouter/z-ai/glm-4.6,z-ai/glm-4.6,default,openrouter-z-ai-glm-4-6:e6388d9423f0eb30,144,144,432,432,402,0.930556,124,0.861111,0.795198,0.908258,124,0.861111,144,1.0,142,0.986111,0,0,15270,202492,194048,3696,0,221458,0.35781025,0,True
old-132-z-ai-glm-4-6v,Z.ai: GLM 4.6V,openrouter/z-ai/glm-4.6v,z-ai/glm-4.6v,default,openrouter-z-ai-glm-4-6v:80c6fbf18824d426,144,144,432,432,396,0.916667,126,0.875,0.811063,0.919449,126,0.875,144,1.0,136,0.944444,0,0,11447,107645,104052,7951,0,127043,0.09887435,0,True
manual-20260612-z-ai-glm-4-7-disabled,OpenRouter z-ai/glm-4.7 disabled,openrouter/z-ai/glm-4.7,z-ai/glm-4.7,disabled,openrouter-z-ai-glm-4-7:2a4ac1a19b5a592f,144,144,432,432,292,0.675926,82,0.569444,0.487804,0.647476,82,0.569444,144,1.0,112,0.777778,0,0,14574,1124,0,4392,0,20090,0.00722756,0,True
old-93-z-ai-glm-4-7,Z.ai: GLM 4.7,openrouter/z-ai/glm-4.7,z-ai/glm-4.7,default,openrouter-z-ai-glm-4-7:11ca6c93654b1f18,144,144,432,432,418,0.967593,132,0.916667,0.859992,0.951689,132,0.916667,144,1.0,144,1.0,0,0,15222,114079,107143,3744,0,133045,0.20521977,0,True
manual-20260612-z-ai-glm-4-7-flash-disabled,OpenRouter z-ai/glm-4.7-flash disabled,openrouter/z-ai/glm-4.7-flash,z-ai/glm-4.7-flash,disabled,openrouter-z-ai-glm-4-7-flash:67ecae91b623762e,144,144,432,432,200,0.462963,53,0.368056,0.293668,0.4493,54,0.375,143,0.993056,83,0.576389,0,0,14110,1330,0,4856,0,20296,0.00117582,0,True
old-50-z-ai-glm-4-7-flash,Z.ai: GLM 4.7 Flash,openrouter/z-ai/glm-4.7-flash,z-ai/glm-4.7-flash,default,openrouter-z-ai-glm-4-7-flash:4e8e1588f568bfd3,144,144,432,432,363,0.840278,98,0.680556,0.600559,0.751169,101,0.701389,140,0.972222,140,0.972222,0,0,14923,170105,148878,4043,0,189071,0.06876181,0,True
manual-20260612-z-ai-glm-5-disabled,OpenRouter z-ai/glm-5 disabled,openrouter/z-ai/glm-5,z-ai/glm-5,disabled,openrouter-z-ai-glm-5:fbc5321a1d8d5a4f,144,144,432,432,321,0.743056,90,0.625,0.543647,0.699858,90,0.625,144,1.0,122,0.847222,0,0,17774,6990,5501,1192,0,25956,0.02494824,0,True
old-96-z-ai-glm-5,Z.ai: GLM 5,openrouter/z-ai/glm-5,z-ai/glm-5,default,openrouter-z-ai-glm-5:e98575919c059bd2,144,144,432,432,422,0.976852,134,0.930556,0.876891,0.961845,134,0.930556,143,0.993056,144,1.0,0,0,17726,137482,130929,1240,0,156448,0.29627836,1,True
manual-20260612-z-ai-glm-5-turbo-disabled,OpenRouter z-ai/glm-5-turbo disabled,openrouter/z-ai/glm-5-turbo,z-ai/glm-5-turbo,disabled,openrouter-z-ai-glm-5-turbo:13e1957aa57cf0f2,144,144,432,432,286,0.662037,86,0.597222,0.515597,0.673795,86,0.597222,144,1.0,103,0.715278,0,0,18966,1443,0,0,0,20409,0.0285312,0,True
old-167-z-ai-glm-5-turbo,Z.ai: GLM 5 Turbo,openrouter/z-ai/glm-5-turbo,z-ai/glm-5-turbo,default,openrouter-z-ai-glm-5-turbo:0060fdad6be415c1,144,144,432,432,423,0.979167,137,0.951389,0.903064,0.976256,137,0.951389,144,1.0,143,0.993056,0,0,18966,78820,76947,0,0,97786,0.3380392,0,True
manual-20260612-z-ai-glm-5-1-disabled,OpenRouter z-ai/glm-5.1 disabled,openrouter/z-ai/glm-5.1,z-ai/glm-5.1,disabled,openrouter-z-ai-glm-5-1:a8445a0b9f2c1e3c,144,144,432,432,330,0.763889,97,0.673611,0.593383,0.744817,97,0.673611,144,1.0,127,0.881944,0,0,16750,4865,2903,2235,0,23850,0.03061625,0,True
old-162-z-ai-glm-5-1,Z.ai: GLM 5.1,openrouter/z-ai/glm-5.1,z-ai/glm-5.1,default,openrouter-z-ai-glm-5-1:ad3637f1d29ec6ac,144,144,432,432,429,0.993056,141,0.979167,0.940542,0.99289,141,0.979167,144,1.0,144,1.0,0,0,17583,84531,78321,1400,0,103514,0.27695276,0,True
