entry_id,label,model,chosen_source,chosen_summary_dir,chosen_scored_samples,chosen_total_samples,base_scored_samples,base_total_samples,repair2_scored_samples,repair2_total_samples,note
next-001-registry-openrouter-109-google-gemma-3-4b-it,Google: Gemma 3 4B,openrouter/google/gemma-3-4b-it,base,results/summaries/paper-v1-scaled-next100-10k-20260601/next-001-registry-openrouter-109-google-gemma-3-4b-it,80,80,80,80,,,kept base manifest row
next-002-registry-openrouter-110-google-gemma-3-12b-it,Google: Gemma 3 12B,openrouter/google/gemma-3-12b-it,base,results/summaries/paper-v1-scaled-next100-10k-20260601/next-002-registry-openrouter-110-google-gemma-3-12b-it,80,80,80,80,,,kept base manifest row
next-003-registry-openrouter-086-qwen-qwen3-5-9b,Qwen: Qwen3.5-9B,openrouter/qwen/qwen3.5-9b,base,results/summaries/paper-v1-scaled-next100-10k-20260601/next-003-registry-openrouter-086-qwen-qwen3-5-9b,62,62,62,62,,,kept base manifest row
next-004-registry-openrouter-095-mistralai-ministral-3b-2512,Mistral: Ministral 3 3B 2512,openrouter/mistralai/ministral-3b-2512,base,results/summaries/paper-v1-scaled-next100-10k-20260601/next-004-registry-openrouter-095-mistralai-ministral-3b-2512,80,80,80,80,,,kept base manifest row
next-005-registry-openrouter-167-rekaai-reka-edge,Reka Edge,openrouter/rekaai/reka-edge,base,results/summaries/paper-v1-scaled-next100-10k-20260601/next-005-registry-openrouter-167-rekaai-reka-edge,80,80,80,80,,,kept base manifest row
next-006-registry-openrouter-111-google-gemma-3-27b-it,Google: Gemma 3 27B,openrouter/google/gemma-3-27b-it,base,results/summaries/paper-v1-scaled-next100-10k-20260601/next-006-registry-openrouter-111-google-gemma-3-27b-it,80,80,80,80,,,kept base manifest row
next-007-registry-openrouter-104-mistralai-mistral-small-3-2-24b-instruct,Mistral: Mistral Small 3.2 24B,openrouter/mistralai/mistral-small-3.2-24b-instruct,base,results/summaries/paper-v1-scaled-next100-10k-20260601/next-007-registry-openrouter-104-mistralai-mistral-small-3-2-24b-instruct,80,80,80,80,,,kept base manifest row
next-008-registry-openrouter-094-mistralai-ministral-8b-2512,Mistral: Ministral 3 8B 2512,openrouter/mistralai/ministral-8b-2512,base,results/summaries/paper-v1-scaled-next100-10k-20260601/next-008-registry-openrouter-094-mistralai-ministral-8b-2512,80,80,80,80,,,kept base manifest row
next-009-registry-openrouter-102-bytedance-ui-tars-1-5-7b,ByteDance: UI-TARS 7B ,openrouter/bytedance/ui-tars-1.5-7b,base,results/summaries/paper-v1-scaled-next100-10k-20260601/next-009-registry-openrouter-102-bytedance-ui-tars-1-5-7b,80,80,80,80,,,kept base manifest row
next-010-registry-openrouter-090-qwen-qwen3-5-flash-02-23,Qwen: Qwen3.5-Flash,openrouter/qwen/qwen3.5-flash-02-23,base,results/summaries/paper-v1-scaled-next100-10k-20260601/next-010-registry-openrouter-090-qwen-qwen3-5-flash-02-23,80,80,80,80,,,kept base manifest row
next-011-registry-openrouter-105-meta-llama-llama-guard-4-12b,Meta: Llama Guard 4 12B,openrouter/meta-llama/llama-guard-4-12b,base,results/summaries/paper-v1-scaled-next100-10k-20260601/next-011-registry-openrouter-105-meta-llama-llama-guard-4-12b,80,80,80,80,,,kept base manifest row
next-012-registry-openrouter-107-meta-llama-llama-4-scout,Meta: Llama 4 Scout,openrouter/meta-llama/llama-4-scout,base,results/summaries/paper-v1-scaled-next100-10k-20260601/next-012-registry-openrouter-107-meta-llama-llama-4-scout,80,80,80,80,,,kept base manifest row
next-013-registry-openrouter-084-google-gemma-4-26b-a4b-it,Google: Gemma 4 26B A4B ,openrouter/google/gemma-4-26b-a4b-it,base,results/summaries/paper-v1-scaled-next100-10k-20260601/next-013-registry-openrouter-084-google-gemma-4-26b-a4b-it,80,80,80,80,,,kept base manifest row
next-014-registry-openrouter-093-mistralai-ministral-14b-2512,Mistral: Ministral 3 14B 2512,openrouter/mistralai/ministral-14b-2512,base,results/summaries/paper-v1-scaled-next100-10k-20260601/next-014-registry-openrouter-093-mistralai-ministral-14b-2512,80,80,80,80,,,kept base manifest row
next-015-registry-openrouter-096-mistralai-voxtral-small-24b-2507,Mistral: Voxtral Small 24B 2507,openrouter/mistralai/voxtral-small-24b-2507,base,results/summaries/paper-v1-scaled-next100-10k-20260601/next-015-registry-openrouter-096-mistralai-voxtral-small-24b-2507,80,80,80,80,,,kept base manifest row
next-016-registry-openrouter-163-xiaomi-mimo-v2-5,Xiaomi: MiMo-V2.5,openrouter/xiaomi/mimo-v2.5,base,results/summaries/paper-v1-scaled-next100-10k-20260601/next-016-registry-openrouter-163-xiaomi-mimo-v2-5,80,80,80,80,,,kept base manifest row
next-017-registry-openrouter-165-google-gemma-4-31b-it,Google: Gemma 4 31B,openrouter/google/gemma-4-31b-it,base,results/summaries/paper-v1-scaled-next100-10k-20260601/next-017-registry-openrouter-165-google-gemma-4-31b-it,80,80,80,80,,,kept base manifest row
next-018-registry-openrouter-177-meta-llama-llama-3-2-11b-vision-instruct,Meta: Llama 3.2 11B Vision Instruct,openrouter/meta-llama/llama-3.2-11b-vision-instruct,base,results/summaries/paper-v1-scaled-next100-10k-20260601/next-018-registry-openrouter-177-meta-llama-llama-3-2-11b-vision-instruct,80,80,80,80,,,kept base manifest row
next-019-registry-openai-gpt-4-1-nano,OpenAI GPT-4.1 nano,openai/gpt-4.1-nano,base,results/summaries/paper-v1-scaled-next100-10k-20260601/next-019-registry-openai-gpt-4-1-nano,80,80,80,80,,,kept base manifest row
next-020-registry-openrouter-097-qwen-qwen3-vl-32b-instruct,Qwen: Qwen3 VL 32B Instruct,openrouter/qwen/qwen3-vl-32b-instruct,repair2,results/summaries/paper-v1-scaled-next100-10k-repair2-20260602/next-020-registry-openrouter-097-qwen-qwen3-vl-32b-instruct,51,59,22,31,51,59,used repair2 summary because it ranked higher by completeness/scored samples
next-021-registry-openrouter-098-qwen-qwen3-vl-8b-instruct,Qwen: Qwen3 VL 8B Instruct,openrouter/qwen/qwen3-vl-8b-instruct,base,results/summaries/paper-v1-scaled-next100-10k-20260601/next-021-registry-openrouter-098-qwen-qwen3-vl-8b-instruct,80,80,80,80,,,kept base manifest row
next-022-registry-openrouter-099-qwen-qwen3-vl-30b-a3b-instruct,Qwen: Qwen3 VL 30B A3B Instruct,openrouter/qwen/qwen3-vl-30b-a3b-instruct,base,results/summaries/paper-v1-scaled-next100-10k-20260601/next-022-registry-openrouter-099-qwen-qwen3-vl-30b-a3b-instruct,80,80,80,80,,,kept base manifest row
next-023-registry-openrouter-101-baidu-ernie-4-5-vl-28b-a3b,Baidu: ERNIE 4.5 VL 28B A3B,openrouter/baidu/ernie-4.5-vl-28b-a3b,base,results/summaries/paper-v1-scaled-next100-10k-20260601/next-023-registry-openrouter-101-baidu-ernie-4-5-vl-28b-a3b,0,19,0,19,0,19,kept base manifest row
next-024-registry-openai-gpt-4o-mini,OpenAI GPT-4o mini,openai/gpt-4o-mini,base,results/summaries/paper-v1-scaled-next100-10k-20260601/next-024-registry-openai-gpt-4o-mini,80,80,80,80,,,kept base manifest row
next-025-registry-openrouter-085-mistralai-mistral-small-2603,Mistral: Mistral Small 4,openrouter/mistralai/mistral-small-2603,base,results/summaries/paper-v1-scaled-next100-10k-20260601/next-025-registry-openrouter-085-mistralai-mistral-small-2603,80,80,80,80,,,kept base manifest row
next-026-registry-openrouter-106-meta-llama-llama-4-maverick,Meta: Llama 4 Maverick,openrouter/meta-llama/llama-4-maverick,base,results/summaries/paper-v1-scaled-next100-10k-20260601/next-026-registry-openrouter-106-meta-llama-llama-4-maverick,80,80,80,80,,,kept base manifest row
next-027-registry-openrouter-176-mistralai-mistral-saba,Mistral: Saba,openrouter/mistralai/mistral-saba,base,results/summaries/paper-v1-scaled-next100-10k-20260601/next-027-registry-openrouter-176-mistralai-mistral-saba,80,80,80,80,,,kept base manifest row
next-028-registry-openrouter-108-mistralai-mistral-small-3-1-24b-instruct,Mistral: Mistral Small 3.1 24B,openrouter/mistralai/mistral-small-3.1-24b-instruct,repair2,results/summaries/paper-v1-scaled-next100-10k-repair2-20260602/next-028-registry-openrouter-108-mistralai-mistral-small-3-1-24b-instruct,5,30,0,17,5,30,used repair2 summary because it ranked higher by completeness/scored samples
next-029-registry-openrouter-112-qwen-qwen2-5-vl-72b-instruct,Qwen: Qwen2.5 VL 72B Instruct,openrouter/qwen/qwen2.5-vl-72b-instruct,base,results/summaries/paper-v1-scaled-next100-10k-20260601/next-029-registry-openrouter-112-qwen-qwen2-5-vl-72b-instruct,80,80,80,80,,,kept base manifest row
next-030-registry-openrouter-100-qwen-qwen3-vl-235b-a22b-instruct,Qwen: Qwen3 VL 235B A22B Instruct,openrouter/qwen/qwen3-vl-235b-a22b-instruct,base,results/summaries/paper-v1-scaled-next100-10k-20260601/next-030-registry-openrouter-100-qwen-qwen3-vl-235b-a22b-instruct,80,80,80,80,,,kept base manifest row
next-031-registry-openrouter-082-qwen-qwen3-6-35b-a3b,Qwen: Qwen3.6 35B A3B,openrouter/qwen/qwen3.6-35b-a3b,base,results/summaries/paper-v1-scaled-next100-10k-20260601/next-031-registry-openrouter-082-qwen-qwen3-6-35b-a3b,80,80,80,80,,,kept base manifest row
next-032-registry-openrouter-087-qwen-qwen3-5-35b-a3b,Qwen: Qwen3.5-35B-A3B,openrouter/qwen/qwen3.5-35b-a3b,base,results/summaries/paper-v1-scaled-next100-10k-20260601/next-032-registry-openrouter-087-qwen-qwen3-5-35b-a3b,80,80,80,80,,,kept base manifest row
next-033-registry-openrouter-170-z-ai-glm-4-6v,Z.ai: GLM 4.6V,openrouter/z-ai/glm-4.6v,base,results/summaries/paper-v1-scaled-next100-10k-20260601/next-033-registry-openrouter-170-z-ai-glm-4-6v,80,80,80,80,,,kept base manifest row
next-034-registry-openrouter-174-mistralai-codestral-2508,Mistral: Codestral 2508,openrouter/mistralai/codestral-2508,base,results/summaries/paper-v1-scaled-next100-10k-20260601/next-034-registry-openrouter-174-mistralai-codestral-2508,80,80,80,80,,,kept base manifest row
next-035-registry-openrouter-113-minimax-minimax-01,MiniMax: MiniMax-01,openrouter/minimax/minimax-01,base,results/summaries/paper-v1-scaled-next100-10k-20260601/next-035-registry-openrouter-113-minimax-minimax-01,80,80,80,80,,,kept base manifest row
next-036-registry-openrouter-081-qwen-qwen3-6-flash,Qwen: Qwen3.6 Flash,openrouter/qwen/qwen3.6-flash,base,results/summaries/paper-v1-scaled-next100-10k-20260601/next-036-registry-openrouter-081-qwen-qwen3-6-flash,80,80,80,80,,,kept base manifest row
next-037-registry-openai-gpt-5-4-nano-none,OpenAI GPT-5.4 nano no thinking,openai/gpt-5.4-nano,base,results/summaries/paper-v1-scaled-next100-10k-20260601/next-037-registry-openai-gpt-5-4-nano-none,80,80,80,80,,,kept base manifest row
next-038-registry-openrouter-122-qwen-qwen3-vl-8b-thinking,Qwen: Qwen3 VL 8B Thinking,openrouter/qwen/qwen3-vl-8b-thinking,base,results/summaries/paper-v1-scaled-next100-10k-20260601/next-038-registry-openrouter-122-qwen-qwen3-vl-8b-thinking,80,80,80,80,,,kept base manifest row
next-039-registry-openrouter-080-minimax-minimax-m3,MiniMax: MiniMax M3,openrouter/minimax/minimax-m3,base,results/summaries/paper-v1-scaled-next100-10k-20260601/next-039-registry-openrouter-080-minimax-minimax-m3,80,80,80,80,,,kept base manifest row
next-040-registry-openrouter-103-baidu-ernie-4-5-vl-424b-a47b,Baidu: ERNIE 4.5 VL 424B A47B ,openrouter/baidu/ernie-4.5-vl-424b-a47b,base,results/summaries/paper-v1-scaled-next100-10k-20260601/next-040-registry-openrouter-103-baidu-ernie-4-5-vl-424b-a47b,80,80,80,80,,,kept base manifest row
next-041-registry-openrouter-123-qwen-qwen3-vl-30b-a3b-thinking,Qwen: Qwen3 VL 30B A3B Thinking,openrouter/qwen/qwen3-vl-30b-a3b-thinking,base,results/summaries/paper-v1-scaled-next100-10k-20260601/next-041-registry-openrouter-123-qwen-qwen3-vl-30b-a3b-thinking,80,80,80,80,,,kept base manifest row
next-042-registry-gemini-3-1-flash-lite,Gemini 3.1 Flash-Lite,google/gemini-3.1-flash-lite,base,results/summaries/paper-v1-scaled-next100-10k-20260601/next-042-registry-gemini-3-1-flash-lite,80,80,80,80,,,kept base manifest row
next-043-registry-openrouter-088-qwen-qwen3-5-27b,Qwen: Qwen3.5-27B,openrouter/qwen/qwen3.5-27b,base,results/summaries/paper-v1-scaled-next100-10k-20260601/next-043-registry-openrouter-088-qwen-qwen3-5-27b,80,80,80,80,,,kept base manifest row
next-044-registry-openrouter-168-qwen-qwen3-5-plus-02-15,Qwen: Qwen3.5 Plus 2026-02-15,openrouter/qwen/qwen3.5-plus-02-15,repair2,results/summaries/paper-v1-scaled-next100-10k-repair2-20260602/next-044-registry-openrouter-168-qwen-qwen3-5-plus-02-15,80,80,70,70,80,80,used repair2 summary because it ranked higher by completeness/scored samples
next-045-registry-openrouter-171-mistralai-mistral-large-2512,Mistral: Mistral Large 3 2512,openrouter/mistralai/mistral-large-2512,base,results/summaries/paper-v1-scaled-next100-10k-20260601/next-045-registry-openrouter-171-mistralai-mistral-large-2512,80,80,80,80,,,kept base manifest row
next-046-registry-openrouter-162-qwen-qwen3-5-plus-20260420,Qwen: Qwen3.5 Plus 2026-04-20,openrouter/qwen/qwen3.5-plus-20260420,repair2,results/summaries/paper-v1-scaled-next100-10k-repair2-20260602/next-046-registry-openrouter-162-qwen-qwen3-5-plus-20260420,80,80,0,17,80,80,used repair2 summary because it ranked higher by completeness/scored samples
next-047-registry-openai-gpt-5-mini-minimal,OpenAI GPT-5 mini minimal,openai/gpt-5-mini,base,results/summaries/paper-v1-scaled-next100-10k-20260601/next-047-registry-openai-gpt-5-mini-minimal,80,80,80,80,,,kept base manifest row
next-048-registry-openrouter-166-qwen-qwen3-6-plus,Qwen: Qwen3.6 Plus,openrouter/qwen/qwen3.6-plus,base,results/summaries/paper-v1-scaled-next100-10k-20260601/next-048-registry-openrouter-166-qwen-qwen3-6-plus,80,80,80,80,,,kept base manifest row
next-049-registry-openrouter-169-moonshotai-kimi-k2-5,MoonshotAI: Kimi K2.5,openrouter/moonshotai/kimi-k2.5,base,results/summaries/paper-v1-scaled-next100-10k-20260601/next-049-registry-openrouter-169-moonshotai-kimi-k2-5,80,80,80,80,,,kept base manifest row
next-050-registry-openrouter-089-qwen-qwen3-5-122b-a10b,Qwen: Qwen3.5-122B-A10B,openrouter/qwen/qwen3.5-122b-a10b,base,results/summaries/paper-v1-scaled-next100-10k-20260601/next-050-registry-openrouter-089-qwen-qwen3-5-122b-a10b,80,80,80,80,,,kept base manifest row
next-051-registry-openrouter-092-mistralai-devstral-2512,Mistral: Devstral 2 2512,openrouter/mistralai/devstral-2512,base,results/summaries/paper-v1-scaled-next100-10k-20260601/next-051-registry-openrouter-092-mistralai-devstral-2512,80,80,80,80,,,kept base manifest row
next-052-registry-openrouter-172-mistralai-mistral-medium-3-1,Mistral: Mistral Medium 3.1,openrouter/mistralai/mistral-medium-3.1,base,results/summaries/paper-v1-scaled-next100-10k-20260601/next-052-registry-openrouter-172-mistralai-mistral-medium-3-1,80,80,80,80,,,kept base manifest row
next-053-registry-openrouter-173-z-ai-glm-4-5v,Z.ai: GLM 4.5V,openrouter/z-ai/glm-4.5v,base,results/summaries/paper-v1-scaled-next100-10k-20260601/next-053-registry-openrouter-173-z-ai-glm-4-5v,80,80,80,80,,,kept base manifest row
next-054-registry-openrouter-175-mistralai-mistral-medium-3,Mistral: Mistral Medium 3,openrouter/mistralai/mistral-medium-3,base,results/summaries/paper-v1-scaled-next100-10k-20260601/next-054-registry-openrouter-175-mistralai-mistral-medium-3,80,80,80,80,,,kept base manifest row
next-055-registry-openrouter-091-qwen-qwen3-5-397b-a17b,Qwen: Qwen3.5 397B A17B,openrouter/qwen/qwen3.5-397b-a17b,base,results/summaries/paper-v1-scaled-next100-10k-20260601/next-055-registry-openrouter-091-qwen-qwen3-5-397b-a17b,80,80,80,80,,,kept base manifest row
next-056-registry-gemini-2-5-flash,Gemini 2.5 Flash,google/gemini-2.5-flash,base,results/summaries/paper-v1-scaled-next100-10k-20260601/next-056-registry-gemini-2-5-flash,80,80,80,80,,,kept base manifest row
next-057-registry-openrouter-124-qwen-qwen3-vl-235b-a22b-thinking,Qwen: Qwen3 VL 235B A22B Thinking,openrouter/qwen/qwen3-vl-235b-a22b-thinking,base,results/summaries/paper-v1-scaled-next100-10k-20260601/next-057-registry-openrouter-124-qwen-qwen3-vl-235b-a22b-thinking,80,80,80,80,,,kept base manifest row
next-058-registry-grok-build-0-1,Grok Build 0.1,grok/grok-build-0.1,base,results/summaries/paper-v1-scaled-next100-10k-20260601/next-058-registry-grok-build-0-1,79,80,79,80,,,kept base manifest row
next-059-registry-openrouter-083-qwen-qwen3-6-27b,Qwen: Qwen3.6 27B,openrouter/qwen/qwen3.6-27b,base,results/summaries/paper-v1-scaled-next100-10k-20260601/next-059-registry-openrouter-083-qwen-qwen3-6-27b,80,80,80,80,,,kept base manifest row
next-060-registry-gemini-3-flash-preview,Gemini 3 Flash Preview,google/gemini-3-flash-preview,base,results/summaries/paper-v1-scaled-next100-10k-20260601/next-060-registry-gemini-3-flash-preview,80,80,80,80,,,kept base manifest row
next-061-registry-openrouter-139-qwen-qwen3-coder-plus,Qwen: Qwen3 Coder Plus,openrouter/qwen/qwen3-coder-plus,base,results/summaries/paper-v1-scaled-next100-10k-20260601/next-061-registry-openrouter-139-qwen-qwen3-coder-plus,80,80,80,80,,,kept base manifest row
next-062-registry-openrouter-144-nousresearch-hermes-4-405b,Nous: Hermes 4 405B,openrouter/nousresearch/hermes-4-405b,base,results/summaries/paper-v1-scaled-next100-10k-20260601/next-062-registry-openrouter-144-nousresearch-hermes-4-405b,80,80,80,80,,,kept base manifest row
next-063-registry-openrouter-128-z-ai-glm-5-1,Z.ai: GLM 5.1,openrouter/z-ai/glm-5.1,base,results/summaries/paper-v1-scaled-next100-10k-20260601/next-063-registry-openrouter-128-z-ai-glm-5-1,80,80,80,80,,,kept base manifest row
next-064-registry-openrouter-161-moonshotai-kimi-latest,MoonshotAI Kimi Latest,openrouter/~moonshotai/kimi-latest,base,results/summaries/paper-v1-scaled-next100-10k-20260601/next-064-registry-openrouter-161-moonshotai-kimi-latest,80,80,80,80,,,kept base manifest row
next-065-registry-openrouter-164-moonshotai-kimi-k2-6,MoonshotAI: Kimi K2.6,openrouter/moonshotai/kimi-k2.6,base,results/summaries/paper-v1-scaled-next100-10k-20260601/next-065-registry-openrouter-164-moonshotai-kimi-k2-6,80,80,80,80,,,kept base manifest row
next-066-registry-openrouter-138-qwen-qwen3-max,Qwen: Qwen3 Max,openrouter/qwen/qwen3-max,repair2,results/summaries/paper-v1-scaled-next100-10k-repair2-20260602/next-066-registry-openrouter-138-qwen-qwen3-max,46,80,25,67,46,80,used repair2 summary because it ranked higher by completeness/scored samples
next-067-registry-openrouter-178-qwen-qwen3-7-max,Qwen: Qwen3.7 Max,openrouter/qwen/qwen3.7-max,base,results/summaries/paper-v1-scaled-next100-10k-20260601/next-067-registry-openrouter-178-qwen-qwen3-7-max,80,80,80,80,,,kept base manifest row
next-068-registry-openrouter-180-z-ai-glm-5-turbo,Z.ai: GLM 5 Turbo,openrouter/z-ai/glm-5-turbo,base,results/summaries/paper-v1-scaled-next100-10k-20260601/next-068-registry-openrouter-180-z-ai-glm-5-turbo,80,80,80,80,,,kept base manifest row
next-069-registry-openrouter-184-z-ai-glm-5v-turbo,Z.ai: GLM 5V Turbo,openrouter/z-ai/glm-5v-turbo,base,results/summaries/paper-v1-scaled-next100-10k-20260601/next-069-registry-openrouter-184-z-ai-glm-5v-turbo,80,80,80,80,,,kept base manifest row
next-070-registry-openai-gpt-5-4-mini-none,OpenAI GPT-5.4 mini no thinking,openai/gpt-5.4-mini,base,results/summaries/paper-v1-scaled-next100-10k-20260601/next-070-registry-openai-gpt-5-4-mini-none,80,80,80,80,,,kept base manifest row
next-071-registry-openrouter-179-qwen-qwen3-6-max-preview,Qwen: Qwen3.6 Max Preview,openrouter/qwen/qwen3.6-max-preview,base,results/summaries/paper-v1-scaled-next100-10k-20260601/next-071-registry-openrouter-179-qwen-qwen3-6-max-preview,80,80,80,80,,,kept base manifest row
next-072-registry-openrouter-114-anthracite-org-magnum-v4-72b,Magnum v4 72B,openrouter/anthracite-org/magnum-v4-72b,base,results/summaries/paper-v1-scaled-next100-10k-20260601/next-072-registry-openrouter-114-anthracite-org-magnum-v4-72b,80,80,80,80,,,kept base manifest row
next-073-registry-openrouter-115-mistralai-mixtral-8x22b-instruct,Mistral: Mixtral 8x22B Instruct,openrouter/mistralai/mixtral-8x22b-instruct,base,results/summaries/paper-v1-scaled-next100-10k-20260601/next-073-registry-openrouter-115-mistralai-mixtral-8x22b-instruct,80,80,80,80,,,kept base manifest row
next-074-registry-openrouter-185-mistralai-mistral-large-2407,Mistral Large 2407,openrouter/mistralai/mistral-large-2407,base,results/summaries/paper-v1-scaled-next100-10k-20260601/next-074-registry-openrouter-185-mistralai-mistral-large-2407,80,80,80,80,,,kept base manifest row
next-075-registry-openrouter-183-mistralai-mistral-medium-3-5,Mistral: Mistral Medium 3.5,openrouter/mistralai/mistral-medium-3-5,base,results/summaries/paper-v1-scaled-next100-10k-20260601/next-075-registry-openrouter-183-mistralai-mistral-medium-3-5,80,80,80,80,,,kept base manifest row
next-076-registry-openrouter-181-ai21-jamba-large-1-7,AI21: Jamba Large 1.7,openrouter/ai21/jamba-large-1.7,base,results/summaries/paper-v1-scaled-next100-10k-20260601/next-076-registry-openrouter-181-ai21-jamba-large-1-7,80,80,80,80,,,kept base manifest row
next-077-registry-openai-gpt-5-minimal,OpenAI GPT-5 minimal,openai/gpt-5,base,results/summaries/paper-v1-scaled-next100-10k-20260601/next-077-registry-openai-gpt-5-minimal,80,80,80,80,,,kept base manifest row
next-078-registry-openai-gpt-4o,OpenAI GPT-4o,openai/gpt-4o,base,results/summaries/paper-v1-scaled-next100-10k-20260601/next-078-registry-openai-gpt-4o,80,80,80,80,,,kept base manifest row
next-079-registry-openrouter-182-cohere-command-a,Cohere: Command A,openrouter/cohere/command-a,base,results/summaries/paper-v1-scaled-next100-10k-20260601/next-079-registry-openrouter-182-cohere-command-a,80,80,80,80,,,kept base manifest row
next-080-registry-openai-gpt-5-2-none,OpenAI GPT-5.2 no thinking,openai/gpt-5.2,base,results/summaries/paper-v1-scaled-next100-10k-20260601/next-080-registry-openai-gpt-5-2-none,80,80,80,80,,,kept base manifest row
next-081-registry-openai-gpt-5-4-none,OpenAI GPT-5.4 no thinking,openai/gpt-5.4,base,results/summaries/paper-v1-scaled-next100-10k-20260601/next-081-registry-openai-gpt-5-4-none,80,80,80,80,,,kept base manifest row
next-082-registry-anthropic-claude-opus-4-6,Anthropic Claude Opus 4.6,anthropic/claude-opus-4-6,base,results/summaries/paper-v1-scaled-next100-10k-20260601/next-082-registry-anthropic-claude-opus-4-6,80,80,80,80,,,kept base manifest row
next-083-registry-anthropic-claude-opus-4-7,Anthropic Claude Opus 4.7,anthropic/claude-opus-4-7,base,results/summaries/paper-v1-scaled-next100-10k-20260601/next-083-registry-anthropic-claude-opus-4-7,80,80,80,80,,,kept base manifest row
next-084-registry-anthropic-claude-opus-4-8,Anthropic Claude Opus 4.8,anthropic/claude-opus-4-8,base,results/summaries/paper-v1-scaled-next100-10k-20260601/next-084-registry-anthropic-claude-opus-4-8,80,80,80,80,,,kept base manifest row
next-085-registry-openai-gpt-5-5-low,OpenAI GPT-5.5 low,openai/gpt-5.5,base,results/summaries/paper-v1-scaled-next100-10k-20260601/next-085-registry-openai-gpt-5-5-low,80,80,80,80,,,kept base manifest row
next-086-registry-openai-gpt-5-5-none,OpenAI GPT-5.5 no thinking,openai/gpt-5.5,base,results/summaries/paper-v1-scaled-next100-10k-20260601/next-086-registry-openai-gpt-5-5-none,80,80,80,80,,,kept base manifest row
next-087-thinking-openai-gpt-5-nano-minimal,OpenAI GPT-5 nano minimal,openai/gpt-5-nano,base,results/summaries/paper-v1-scaled-next100-10k-20260601/next-087-thinking-openai-gpt-5-nano-minimal,80,80,80,80,,,kept base manifest row
next-088-thinking-openai-gpt-5-nano-low,OpenAI GPT-5 nano low,openai/gpt-5-nano,base,results/summaries/paper-v1-scaled-next100-10k-20260601/next-088-thinking-openai-gpt-5-nano-low,80,80,80,80,,,kept base manifest row
next-089-thinking-gemini-gemini-2-5-flash-lite-low,Gemini 2.5 Flash-Lite low_budget_1024,google/gemini-2.5-flash-lite,base,results/summaries/paper-v1-scaled-next100-10k-20260601/next-089-thinking-gemini-gemini-2-5-flash-lite-low,80,80,80,80,,,kept base manifest row
next-090-thinking-openai-gpt-5-nano-medium,OpenAI GPT-5 nano medium,openai/gpt-5-nano,base,results/summaries/paper-v1-scaled-next100-10k-20260601/next-090-thinking-openai-gpt-5-nano-medium,80,80,80,80,,,kept base manifest row
next-091-thinking-openrouter-deepseek-deepseek-r1-distill-qwen-32b-low,DeepSeek: R1 Distill Qwen 32B low_budget_512,openrouter/deepseek/deepseek-r1-distill-qwen-32b,base,results/summaries/paper-v1-scaled-next100-10k-20260601/next-091-thinking-openrouter-deepseek-deepseek-r1-distill-qwen-32b-low,70,70,70,70,,,kept base manifest row
next-092-thinking-openai-gpt-5-mini-minimal,OpenAI GPT-5 mini minimal,openai/gpt-5-mini,base,results/summaries/paper-v1-scaled-next100-10k-20260601/next-092-thinking-openai-gpt-5-mini-minimal,80,80,80,80,,,kept base manifest row
next-093-thinking-gemini-gemini-3-1-flash-lite-minimal,Gemini 3.1 Flash-Lite minimal_budget_1024,google/gemini-3.1-flash-lite,base,results/summaries/paper-v1-scaled-next100-10k-20260601/next-093-thinking-gemini-gemini-3-1-flash-lite-minimal,80,80,80,80,,,kept base manifest row
next-094-thinking-openrouter-google-gemini-3-1-flash-lite-minimal,Google: Gemini 3.1 Flash Lite minimal,openrouter/google/gemini-3.1-flash-lite,base,results/summaries/paper-v1-scaled-next100-10k-20260601/next-094-thinking-openrouter-google-gemini-3-1-flash-lite-minimal,80,80,80,80,,,kept base manifest row
next-095-thinking-openrouter-google-gemini-3-1-flash-lite-preview-minimal,Google: Gemini 3.1 Flash Lite Preview minimal,openrouter/google/gemini-3.1-flash-lite-preview,base,results/summaries/paper-v1-scaled-next100-10k-20260601/next-095-thinking-openrouter-google-gemini-3-1-flash-lite-preview-minimal,80,80,80,80,,,kept base manifest row
next-096-thinking-openrouter-qwen-qwen3-6-35b-a3b-low,Qwen: Qwen3.6 35B A3B low_budget_512,openrouter/qwen/qwen3.6-35b-a3b,base,results/summaries/paper-v1-scaled-next100-10k-20260601/next-096-thinking-openrouter-qwen-qwen3-6-35b-a3b-low,80,80,80,80,,,kept base manifest row
next-097-thinking-gemini-gemini-2-5-flash-lite-medium,Gemini 2.5 Flash-Lite medium_budget_8192,google/gemini-2.5-flash-lite,base,results/summaries/paper-v1-scaled-next100-10k-20260601/next-097-thinking-gemini-gemini-2-5-flash-lite-medium,80,80,80,80,,,kept base manifest row
next-098-thinking-openrouter-qwen-qwen3-6-flash-low,Qwen: Qwen3.6 Flash low_budget_512,openrouter/qwen/qwen3.6-flash,base,results/summaries/paper-v1-scaled-next100-10k-20260601/next-098-thinking-openrouter-qwen-qwen3-6-flash-low,80,80,80,80,,,kept base manifest row
next-099-thinking-openai-gpt-5-4-nano-low,OpenAI GPT-5.4 nano low,openai/gpt-5.4-nano,base,results/summaries/paper-v1-scaled-next100-10k-20260601/next-099-thinking-openai-gpt-5-4-nano-low,80,80,80,80,,,kept base manifest row
next-100-thinking-openrouter-openai-gpt-5-4-nano-low,OpenAI: GPT-5.4 Nano low,openrouter/openai/gpt-5.4-nano,base,results/summaries/paper-v1-scaled-next100-10k-20260601/next-100-thinking-openrouter-openai-gpt-5-4-nano-low,80,80,80,80,,,kept base manifest row
