label,model,chosen_source,chosen_summary_dir,chosen_scored_samples,chosen_total_samples,original_scored_samples,original_total_samples,repair_scored_samples,repair_total_samples,note
OpenAI GPT-5 nano minimal,openai/gpt-5-nano,original,results/summaries/paper-v1-scaled-100-10k-20260601/paper-openai-gpt-5-nano-minimal,80,80,80,80,,,kept original summary
OpenAI GPT-4.1,openai/gpt-4.1,original,results/summaries/paper-v1-scaled-100-10k-20260601/paper-openai-gpt-4-1,80,80,80,80,,,kept original summary
OpenAI GPT-4.1 mini,openai/gpt-4.1-mini,original,results/summaries/paper-v1-scaled-100-10k-20260601/paper-openai-gpt-4-1-mini,80,80,80,80,,,kept original summary
Anthropic Claude Sonnet 4.6,anthropic/claude-sonnet-4-6,original,results/summaries/paper-v1-scaled-100-10k-20260601/paper-anthropic-claude-sonnet-4-6,80,80,80,80,,,kept original summary
Anthropic Claude Haiku 4.5,anthropic/claude-haiku-4-5,original,results/summaries/paper-v1-scaled-100-10k-20260601/paper-anthropic-claude-haiku-4-5,80,80,80,80,,,kept original summary
Gemini 3.5 Flash,google/gemini-3.5-flash,original,results/summaries/paper-v1-scaled-100-10k-20260601/paper-gemini-3-5-flash,80,80,80,80,,,kept original summary
Gemini 2.5 Flash-Lite,google/gemini-2.5-flash-lite,original,results/summaries/paper-v1-scaled-100-10k-20260601/paper-gemini-2-5-flash-lite,80,80,80,80,,,kept original summary
Grok 4.3,grok/grok-4.3,repair,results/summaries/paper-v1-scaled-100-10k-repair-20260601/paper-grok-4-3,79,80,70,90,79,80,used repair summary
Xiaomi MiMo-V2-Flash,openrouter/xiaomi/mimo-v2-flash,original,results/summaries/paper-v1-scaled-100-10k-20260601/paper-openrouter-xiaomi-mimo-v2-flash,80,80,80,80,,,kept original summary
NVIDIA Nemotron 3 Nano 30B A3B,openrouter/nvidia/nemotron-3-nano-30b-a3b,original,results/summaries/paper-v1-scaled-100-10k-20260601/paper-openrouter-nemotron-3-nano,80,80,80,80,,,kept original summary
OpenAI GPT-OSS 20B,openrouter/openai/gpt-oss-20b,repair,results/summaries/paper-v1-scaled-100-10k-repair-20260601/paper-openrouter-gpt-oss-20b,80,80,70,70,80,80,used repair summary
Qwen3 Next 80B A3B Instruct,openrouter/qwen/qwen3-next-80b-a3b-instruct,original,results/summaries/paper-v1-scaled-100-10k-20260601/paper-openrouter-qwen3-next,80,80,80,80,,,kept original summary
Mistral: Mistral Nemo,openrouter/mistralai/mistral-nemo,original,results/summaries/paper-v1-scaled-100-10k-20260601/scaled-013-openrouter-159-mistralai-mistral-nemo,80,80,80,80,,,kept original summary
Llama Guard 3 8B,openrouter/meta-llama/llama-guard-3-8b,original,results/summaries/paper-v1-scaled-100-10k-20260601/scaled-014-openrouter-063-meta-llama-llama-guard-3-8b,0,5,0,5,0,5,kept original summary
Meta: Llama 3 8B Instruct,openrouter/meta-llama/llama-3-8b-instruct,original,results/summaries/paper-v1-scaled-100-10k-20260601/scaled-015-openrouter-076-meta-llama-llama-3-8b-instruct,80,80,80,80,,,kept original summary
Meta: Llama 3.1 8B Instruct,openrouter/meta-llama/llama-3.1-8b-instruct,original,results/summaries/paper-v1-scaled-100-10k-20260601/scaled-016-openrouter-073-meta-llama-llama-3-1-8b-instruct,80,80,80,80,,,kept original summary
Sao10K: Llama 3 8B Lunaris,openrouter/sao10k/l3-lunaris-8b,original,results/summaries/paper-v1-scaled-100-10k-20260601/scaled-017-openrouter-121-sao10k-l3-lunaris-8b,80,80,80,80,,,kept original summary
MythoMax 13B,openrouter/gryphe/mythomax-l2-13b,original,results/summaries/paper-v1-scaled-100-10k-20260601/scaled-018-openrouter-079-gryphe-mythomax-l2-13b,80,80,80,80,,,kept original summary
Mistral: Mistral Small 3,openrouter/mistralai/mistral-small-24b-instruct-2501,original,results/summaries/paper-v1-scaled-100-10k-20260601/scaled-019-openrouter-065-mistralai-mistral-small-24b-instruct-2501,80,80,80,80,,,kept original summary
Qwen: Qwen2.5 7B Instruct,openrouter/qwen/qwen-2.5-7b-instruct,original,results/summaries/paper-v1-scaled-100-10k-20260601/scaled-020-openrouter-069-qwen-qwen-2-5-7b-instruct,80,80,80,80,,,kept original summary
IBM: Granite 4.1 8B,openrouter/ibm-granite/granite-4.1-8b,original,results/summaries/paper-v1-scaled-100-10k-20260601/scaled-021-openrouter-026-ibm-granite-granite-4-1-8b,80,80,80,80,,,kept original summary
Qwen: Qwen3 235B A22B Instruct 2507,openrouter/qwen/qwen3-235b-a22b-2507,original,results/summaries/paper-v1-scaled-100-10k-20260601/scaled-022-openrouter-053-qwen-qwen3-235b-a22b-2507,80,80,80,80,,,kept original summary
Qwen: Qwen3 235B A22B Thinking 2507,openrouter/qwen/qwen3-235b-a22b-thinking-2507,original,results/summaries/paper-v1-scaled-100-10k-20260601/scaled-023-openrouter-118-qwen-qwen3-235b-a22b-thinking-2507,80,80,80,80,,,kept original summary
Z.ai: GLM 4 32B ,openrouter/z-ai/glm-4-32b,original,results/summaries/paper-v1-scaled-100-10k-20260601/scaled-024-openrouter-052-z-ai-glm-4-32b,80,80,80,80,,,kept original summary
IBM: Granite 4.0 Micro,openrouter/ibm-granite/granite-4.0-h-micro,original,results/summaries/paper-v1-scaled-100-10k-20260601/scaled-025-openrouter-041-ibm-granite-granite-4-0-h-micro,80,80,80,80,,,kept original summary
LiquidAI: LFM2-24B-A2B,openrouter/liquid/lfm-2-24b-a2b,original,results/summaries/paper-v1-scaled-100-10k-20260601/scaled-026-openrouter-030-liquid-lfm-2-24b-a2b,80,80,80,80,,,kept original summary
Google: Gemma 3n 4B,openrouter/google/gemma-3n-e4b-it,original,results/summaries/paper-v1-scaled-100-10k-20260601/scaled-027-openrouter-056-google-gemma-3n-e4b-it,80,80,80,80,,,kept original summary
Microsoft: Phi 4,openrouter/microsoft/phi-4,original,results/summaries/paper-v1-scaled-100-10k-20260601/scaled-028-openrouter-066-microsoft-phi-4,80,80,80,80,,,kept original summary
NousResearch: Hermes 2 Pro - Llama-3 8B,openrouter/nousresearch/hermes-2-pro-llama-3-8b,original,results/summaries/paper-v1-scaled-100-10k-20260601/scaled-029-openrouter-075-nousresearch-hermes-2-pro-llama-3-8b,80,80,80,80,,,kept original summary
Arcee AI: Trinity Mini,openrouter/arcee-ai/trinity-mini,original,results/summaries/paper-v1-scaled-100-10k-20260601/scaled-030-openrouter-037-arcee-ai-trinity-mini,80,80,80,80,,,kept original summary
EssentialAI: Rnj 1 Instruct,openrouter/essentialai/rnj-1-instruct,original,results/summaries/paper-v1-scaled-100-10k-20260601/scaled-031-openrouter-133-essentialai-rnj-1-instruct,80,80,80,80,,,kept original summary
NVIDIA: Nemotron Nano 9B V2,openrouter/nvidia/nemotron-nano-9b-v2,original,results/summaries/paper-v1-scaled-100-10k-20260601/scaled-032-openrouter-047-nvidia-nemotron-nano-9b-v2,80,80,80,80,,,kept original summary
Qwen: Qwen3 30B A3B Instruct 2507,openrouter/qwen/qwen3-30b-a3b-instruct-2507,original,results/summaries/paper-v1-scaled-100-10k-20260601/scaled-033-openrouter-051-qwen-qwen3-30b-a3b-instruct-2507,80,80,80,80,,,kept original summary
OpenAI: gpt-oss-120b,openrouter/openai/gpt-oss-120b,original,results/summaries/paper-v1-scaled-100-10k-20260601/scaled-034-openrouter-048-openai-gpt-oss-120b,80,80,80,80,,,kept original summary
DeepSeek: DeepSeek V4 Flash,openrouter/deepseek/deepseek-v4-flash,original,results/summaries/paper-v1-scaled-100-10k-20260601/scaled-035-openrouter-027-deepseek-deepseek-v4-flash,80,80,80,80,,,kept original summary
Reka Flash 3,openrouter/rekaai/reka-flash-3,omitted,,,,,,,,omitted: no summary data row
Meta: Llama 3.2 1B Instruct,openrouter/meta-llama/llama-3.2-1b-instruct,original,results/summaries/paper-v1-scaled-100-10k-20260601/scaled-037-openrouter-155-meta-llama-llama-3-2-1b-instruct,80,80,80,80,,,kept original summary
Tencent: Hy3 preview,openrouter/tencent/hy3-preview,original,results/summaries/paper-v1-scaled-100-10k-20260601/scaled-038-openrouter-126-tencent-hy3-preview,80,80,80,80,,,kept original summary
Qwen: Qwen3 14B,openrouter/qwen/qwen3-14b,original,results/summaries/paper-v1-scaled-100-10k-20260601/scaled-039-openrouter-059-qwen-qwen3-14b,80,80,80,80,,,kept original summary
Qwen: Qwen3 Coder 30B A3B Instruct,openrouter/qwen/qwen3-coder-30b-a3b-instruct,repair,results/summaries/paper-v1-scaled-100-10k-repair-20260601/scaled-040-openrouter-050-qwen-qwen3-coder-30b-a3b-instruct,80,80,70,70,80,80,used repair summary
Qwen: Qwen3 32B,openrouter/qwen/qwen3-32b,original,results/summaries/paper-v1-scaled-100-10k-20260601/scaled-041-openrouter-060-qwen-qwen3-32b,80,80,80,80,,,kept original summary
DeepSeek: R1 Distill Qwen 32B,openrouter/deepseek/deepseek-r1-distill-qwen-32b,original,results/summaries/paper-v1-scaled-100-10k-20260601/scaled-042-openrouter-120-deepseek-deepseek-r1-distill-qwen-32b,80,80,80,80,,,kept original summary
OpenAI: gpt-oss-safeguard-20b,openrouter/openai/gpt-oss-safeguard-20b,original,results/summaries/paper-v1-scaled-100-10k-20260601/scaled-043-openrouter-039-openai-gpt-oss-safeguard-20b,18,32,18,32,2,23,kept original summary
StepFun: Step 3.5 Flash,openrouter/stepfun/step-3.5-flash,original,results/summaries/paper-v1-scaled-100-10k-20260601/scaled-044-openrouter-032-stepfun-step-3-5-flash,80,80,80,80,,,kept original summary
Nous: Hermes 3 70B Instruct,openrouter/nousresearch/hermes-3-llama-3.1-70b,repair,results/summaries/paper-v1-scaled-100-10k-repair-20260601/scaled-045-openrouter-156-nousresearch-hermes-3-llama-3-1-70b,41,41,,,41,41,used repair summary
Meta: Llama 3.3 70B Instruct,openrouter/meta-llama/llama-3.3-70b-instruct,original,results/summaries/paper-v1-scaled-100-10k-20260601/scaled-046-openrouter-154-meta-llama-llama-3-3-70b-instruct,80,80,80,80,,,kept original summary
Meta: Llama 3.2 3B Instruct,openrouter/meta-llama/llama-3.2-3b-instruct,repair,results/summaries/paper-v1-scaled-100-10k-repair-20260601/scaled-047-openrouter-071-meta-llama-llama-3-2-3b-instruct,3,16,0,9,3,16,used repair summary
DeepSeek: DeepSeek V3.2,openrouter/deepseek/deepseek-v3.2,original,results/summaries/paper-v1-scaled-100-10k-20260601/scaled-048-openrouter-134-deepseek-deepseek-v3-2,80,80,80,80,,,kept original summary
Microsoft: Phi 4 Mini Instruct,openrouter/microsoft/phi-4-mini-instruct,original,results/summaries/paper-v1-scaled-100-10k-20260601/scaled-049-openrouter-042-microsoft-phi-4-mini-instruct,80,80,80,80,,,kept original summary
Qwen: Qwen3 8B,openrouter/qwen/qwen3-8b,original,results/summaries/paper-v1-scaled-100-10k-20260601/scaled-050-openrouter-058-qwen-qwen3-8b,80,80,80,80,,,kept original summary
Z.ai: GLM 4.7 Flash,openrouter/z-ai/glm-4.7-flash,original,results/summaries/paper-v1-scaled-100-10k-20260601/scaled-051-openrouter-033-z-ai-glm-4-7-flash,80,80,80,80,,,kept original summary
Qwen: Qwen3 30B A3B Thinking 2507,openrouter/qwen/qwen3-30b-a3b-thinking-2507,original,results/summaries/paper-v1-scaled-100-10k-20260601/scaled-052-openrouter-117-qwen-qwen3-30b-a3b-thinking-2507,80,80,80,80,,,kept original summary
NVIDIA: Llama 3.3 Nemotron Super 49B V1.5,openrouter/nvidia/llama-3.3-nemotron-super-49b-v1.5,original,results/summaries/paper-v1-scaled-100-10k-20260601/scaled-053-openrouter-043-nvidia-llama-3-3-nemotron-super-49b-v1-5,70,70,70,70,70,70,kept original summary
Nous: Hermes 4 70B,openrouter/nousresearch/hermes-4-70b,original,results/summaries/paper-v1-scaled-100-10k-20260601/scaled-054-openrouter-143-nousresearch-hermes-4-70b,80,80,80,80,,,kept original summary
Qwen2.5 72B Instruct,openrouter/qwen/qwen-2.5-72b-instruct,original,results/summaries/paper-v1-scaled-100-10k-20260601/scaled-055-openrouter-072-qwen-qwen-2-5-72b-instruct,80,80,80,80,,,kept original summary
TheDrummer: UnslopNemo 12B,openrouter/thedrummer/unslopnemo-12b,original,results/summaries/paper-v1-scaled-100-10k-20260601/scaled-056-openrouter-068-thedrummer-unslopnemo-12b,80,80,80,80,,,kept original summary
Meta: Llama 3.1 70B Instruct,openrouter/meta-llama/llama-3.1-70b-instruct,original,results/summaries/paper-v1-scaled-100-10k-20260601/scaled-057-openrouter-158-meta-llama-llama-3-1-70b-instruct,80,80,80,80,,,kept original summary
DeepSeek: DeepSeek V3.2 Exp,openrouter/deepseek/deepseek-v3.2-exp,original,results/summaries/paper-v1-scaled-100-10k-20260601/scaled-058-openrouter-137-deepseek-deepseek-v3-2-exp,80,80,80,80,,,kept original summary
TheDrummer: Rocinante 12B,openrouter/thedrummer/rocinante-12b,original,results/summaries/paper-v1-scaled-100-10k-20260601/scaled-059-openrouter-070-thedrummer-rocinante-12b,80,80,80,80,,,kept original summary
NVIDIA: Nemotron 3 Super,openrouter/nvidia/nemotron-3-super-120b-a12b,repair,results/summaries/paper-v1-scaled-100-10k-repair-20260601/scaled-060-openrouter-029-nvidia-nemotron-3-super-120b-a12b,80,80,70,70,80,80,used repair summary
Qwen: Qwen3 30B A3B,openrouter/qwen/qwen3-30b-a3b,original,results/summaries/paper-v1-scaled-100-10k-20260601/scaled-061-openrouter-057-qwen-qwen3-30b-a3b,80,80,80,80,,,kept original summary
Nex AGI: DeepSeek V3.1 Nex N1,openrouter/nex-agi/deepseek-v3.1-nex-n1,original,results/summaries/paper-v1-scaled-100-10k-20260601/scaled-062-openrouter-132-nex-agi-deepseek-v3-1-nex-n1,80,80,80,80,,,kept original summary
AllenAI: Olmo 3 32B Think,openrouter/allenai/olmo-3-32b-think,repair,results/summaries/paper-v1-scaled-100-10k-repair-20260601/scaled-063-openrouter-038-allenai-olmo-3-32b-think,0,6,0,5,0,6,used repair summary
TheDrummer: Cydonia 24B V4.1,openrouter/thedrummer/cydonia-24b-v4.1,original,results/summaries/paper-v1-scaled-100-10k-20260601/scaled-064-openrouter-044-thedrummer-cydonia-24b-v4-1,80,80,80,80,,,kept original summary
Tencent: Hunyuan A13B Instruct,openrouter/tencent/hunyuan-a13b-instruct,original,results/summaries/paper-v1-scaled-100-10k-20260601/scaled-065-openrouter-054-tencent-hunyuan-a13b-instruct,80,80,80,80,,,kept original summary
WizardLM-2 8x22B,openrouter/microsoft/wizardlm-2-8x22b,original,results/summaries/paper-v1-scaled-100-10k-20260601/scaled-066-openrouter-077-microsoft-wizardlm-2-8x22b,80,80,80,80,,,kept original summary
ReMM SLERP 13B,openrouter/undi95/remm-slerp-l2-13b,original,results/summaries/paper-v1-scaled-100-10k-20260601/scaled-067-openrouter-078-undi95-remm-slerp-l2-13b,80,80,80,80,,,kept original summary
Google: Gemma 2 27B,openrouter/google/gemma-2-27b-it,original,results/summaries/paper-v1-scaled-100-10k-20260601/scaled-068-openrouter-074-google-gemma-2-27b-it,80,80,80,80,,,kept original summary
Meta: Llama 3 70B Instruct,openrouter/meta-llama/llama-3-70b-instruct,original,results/summaries/paper-v1-scaled-100-10k-20260601/scaled-069-openrouter-160-meta-llama-llama-3-70b-instruct,80,80,80,80,,,kept original summary
DeepSeek: DeepSeek V3 0324,openrouter/deepseek/deepseek-chat-v3-0324,original,results/summaries/paper-v1-scaled-100-10k-20260601/scaled-070-openrouter-150-deepseek-deepseek-chat-v3-0324,80,80,80,80,,,kept original summary
Qwen: Qwen3 Next 80B A3B Thinking,openrouter/qwen/qwen3-next-80b-a3b-thinking,original,results/summaries/paper-v1-scaled-100-10k-20260601/scaled-071-openrouter-116-qwen-qwen3-next-80b-a3b-thinking,80,80,80,80,,,kept original summary
Qwen: Qwen-Plus,openrouter/qwen/qwen-plus,original,results/summaries/paper-v1-scaled-100-10k-20260601/scaled-072-openrouter-152-qwen-qwen-plus,80,80,80,80,,,kept original summary
Qwen: Qwen Plus 0728,openrouter/qwen/qwen-plus-2025-07-28,original,results/summaries/paper-v1-scaled-100-10k-20260601/scaled-073-openrouter-141-qwen-qwen-plus-2025-07-28,80,80,80,80,,,kept original summary
DeepSeek: DeepSeek V3.1,openrouter/deepseek/deepseek-chat-v3.1,original,results/summaries/paper-v1-scaled-100-10k-20260601/scaled-074-openrouter-145-deepseek-deepseek-chat-v3-1,80,80,80,80,,,kept original summary
Qwen: Qwen3 Coder Next,openrouter/qwen/qwen3-coder-next,original,results/summaries/paper-v1-scaled-100-10k-20260601/scaled-075-openrouter-130-qwen-qwen3-coder-next,80,80,80,80,,,kept original summary
TheDrummer: Skyfall 36B V2,openrouter/thedrummer/skyfall-36b-v2,original,results/summaries/paper-v1-scaled-100-10k-20260601/scaled-076-openrouter-151-thedrummer-skyfall-36b-v2,80,80,80,80,,,kept original summary
DeepSeek: DeepSeek V3,openrouter/deepseek/deepseek-chat,original,results/summaries/paper-v1-scaled-100-10k-20260601/scaled-077-openrouter-153-deepseek-deepseek-chat,80,80,80,80,,,kept original summary
Z.ai: GLM 4.5 Air,openrouter/z-ai/glm-4.5-air,original,results/summaries/paper-v1-scaled-100-10k-20260601/scaled-078-openrouter-147-z-ai-glm-4-5-air,80,80,80,80,,,kept original summary
DeepSeek: DeepSeek V4 Pro,openrouter/deepseek/deepseek-v4-pro,original,results/summaries/paper-v1-scaled-100-10k-20260601/scaled-079-openrouter-125-deepseek-deepseek-v4-pro,80,80,80,80,,,kept original summary
Xiaomi: MiMo-V2.5-Pro,openrouter/xiaomi/mimo-v2.5-pro,original,results/summaries/paper-v1-scaled-100-10k-20260601/scaled-080-openrouter-127-xiaomi-mimo-v2-5-pro,80,80,80,80,,,kept original summary
DeepSeek: DeepSeek V3.1 Terminus,openrouter/deepseek/deepseek-v3.1-terminus,original,results/summaries/paper-v1-scaled-100-10k-20260601/scaled-081-openrouter-140-deepseek-deepseek-v3-1-terminus,80,80,80,80,,,kept original summary
MiniMax: MiniMax M2.1,openrouter/minimax/minimax-m2.1,original,results/summaries/paper-v1-scaled-100-10k-20260601/scaled-082-openrouter-034-minimax-minimax-m2-1,80,80,80,80,,,kept original summary
Qwen: Qwen3 Coder Flash,openrouter/qwen/qwen3-coder-flash,original,results/summaries/paper-v1-scaled-100-10k-20260601/scaled-083-openrouter-045-qwen-qwen3-coder-flash,80,80,80,80,,,kept original summary
MiniMax: MiniMax M2,openrouter/minimax/minimax-m2,original,results/summaries/paper-v1-scaled-100-10k-20260601/scaled-084-openrouter-040-minimax-minimax-m2,80,80,80,80,,,kept original summary
Qwen2.5 Coder 32B Instruct,openrouter/qwen/qwen-2.5-coder-32b-instruct,repair,results/summaries/paper-v1-scaled-100-10k-repair-20260601/scaled-085-openrouter-067-qwen-qwen-2-5-coder-32b-instruct,0,26,0,22,0,26,used repair summary
Nous: Hermes 3 405B Instruct,openrouter/nousresearch/hermes-3-llama-3.1-405b,original,results/summaries/paper-v1-scaled-100-10k-20260601/scaled-086-openrouter-157-nousresearch-hermes-3-llama-3-1-405b,80,80,80,80,,,kept original summary
Prime Intellect: INTELLECT-3,openrouter/prime-intellect/intellect-3,original,results/summaries/paper-v1-scaled-100-10k-20260601/scaled-087-openrouter-135-prime-intellect-intellect-3,80,80,80,80,,,kept original summary
Baidu: ERNIE 4.5 300B A47B ,openrouter/baidu/ernie-4.5-300b-a47b,original,results/summaries/paper-v1-scaled-100-10k-20260601/scaled-088-openrouter-055-baidu-ernie-4-5-300b-a47b,80,80,80,80,,,kept original summary
MiniMax: MiniMax M2.5,openrouter/minimax/minimax-m2.5,original,results/summaries/paper-v1-scaled-100-10k-20260601/scaled-089-openrouter-031-minimax-minimax-m2-5,80,80,80,80,,,kept original summary
MiniMax: MiniMax M2.7,openrouter/minimax/minimax-m2.7,original,results/summaries/paper-v1-scaled-100-10k-20260601/scaled-090-openrouter-028-minimax-minimax-m2-7,80,80,80,80,,,kept original summary
AionLabs: Aion-1.0-Mini,openrouter/aion-labs/aion-1.0-mini,original,results/summaries/paper-v1-scaled-100-10k-20260601/scaled-091-openrouter-119-aion-labs-aion-1-0-mini,70,70,70,70,70,70,kept original summary
AionLabs: Aion-RP 1.0 (8B),openrouter/aion-labs/aion-rp-llama-3.1-8b,original,results/summaries/paper-v1-scaled-100-10k-20260601/scaled-092-openrouter-064-aion-labs-aion-rp-llama-3-1-8b,80,80,80,80,,,kept original summary
Z.ai: GLM 4.6,openrouter/z-ai/glm-4.6,original,results/summaries/paper-v1-scaled-100-10k-20260601/scaled-093-openrouter-136-z-ai-glm-4-6,80,80,80,80,,,kept original summary
Z.ai: GLM 4.7,openrouter/z-ai/glm-4.7,original,results/summaries/paper-v1-scaled-100-10k-20260601/scaled-094-openrouter-131-z-ai-glm-4-7,80,80,80,80,,,kept original summary
Qwen: Qwen3 Coder 480B A35B,openrouter/qwen/qwen3-coder,original,results/summaries/paper-v1-scaled-100-10k-20260601/scaled-095-openrouter-148-qwen-qwen3-coder,80,80,80,80,,,kept original summary
Qwen: Qwen3 235B A22B,openrouter/qwen/qwen3-235b-a22b,original,results/summaries/paper-v1-scaled-100-10k-20260601/scaled-096-openrouter-061-qwen-qwen3-235b-a22b,80,80,80,80,,,kept original summary
Z.ai: GLM 5,openrouter/z-ai/glm-5,original,results/summaries/paper-v1-scaled-100-10k-20260601/scaled-097-openrouter-129-z-ai-glm-5,80,80,80,80,,,kept original summary
Z.ai: GLM 4.5,openrouter/z-ai/glm-4.5,original,results/summaries/paper-v1-scaled-100-10k-20260601/scaled-098-openrouter-146-z-ai-glm-4-5,80,80,80,80,,,kept original summary
MoonshotAI: Kimi K2 0711,openrouter/moonshotai/kimi-k2,repair,results/summaries/paper-v1-scaled-100-10k-repair-20260601/scaled-099-openrouter-149-moonshotai-kimi-k2,44,66,41,70,44,66,used repair summary
MoonshotAI: Kimi K2 0905,openrouter/moonshotai/kimi-k2-0905,original,results/summaries/paper-v1-scaled-100-10k-20260601/scaled-100-openrouter-142-moonshotai-kimi-k2-0905,80,80,80,80,,,kept original summary
