entry_id,label,model,effort,control_style,generation_settings,request_model,request_max_tokens,request_thinking_type,request_thinking_display,request_output_effort,request_betas,provider_settings_thinking_display,scored_samples,answer_accuracy_pct,strict_accuracy_pct,estimated_cost_usd,observed_reasoning_tokens,observed_reasoning_tokens_per_sample,reasoning_nonzero_samples,reasoning_nonzero_share,reasoning_max_sample,observed_output_tokens,observed_output_tokens_per_sample,estimated_output_tokens_per_sample,observed_to_estimated_output_ratio,estimated_reasoning_tokens_per_sample,configured_reasoning_tokens_per_sample,observed_to_estimated_ratio,observed_to_configured_ratio,reasoning_token_source,summary_dir,warnings
top-thinking-011-anthropic-claude-opus-4-8-low,Claude Opus 4.8 low,anthropic/claude-opus-4-8,low,anthropic_adaptive_thinking_effort,"{""max_tokens"":2000,""reasoning_effort"":""low"",""seed"":20260531}",claude-opus-4-8,2000,adaptive,summarized,low,,summarized,80,92.5,92.5,0.04045,143,1.7875,3,0.0375,53,610,7.625,24.0,0.3177083333333333,16.0,512.0,0.11171875,0.0034912109375,reported,results/summaries/paper-v1-anthropic-adaptive-thinking-rerun-20260602/top-thinking-011-anthropic-claude-opus-4-8-low,
top-thinking-012-anthropic-claude-opus-4-8-medium,Claude Opus 4.8 medium,anthropic/claude-opus-4-8,medium,anthropic_adaptive_thinking_effort,"{""max_tokens"":2120,""reasoning_effort"":""medium"",""seed"":20260531}",claude-opus-4-8,2120,adaptive,summarized,medium,,summarized,80,91.25,90.0,0.0448,218,2.725,4,0.05,101,784,9.8,56.0,0.17500000000000002,48.0,2048.0,0.05677083333333333,0.00133056640625,reported,results/summaries/paper-v1-anthropic-adaptive-thinking-rerun-20260602/top-thinking-012-anthropic-claude-opus-4-8-medium,
top-thinking-013-anthropic-claude-opus-4-8-high,Claude Opus 4.8 high,anthropic/claude-opus-4-8,high,anthropic_adaptive_thinking_effort,"{""max_tokens"":8264,""reasoning_effort"":""high"",""seed"":20260531}",claude-opus-4-8,8264,adaptive,summarized,high,output-128k-2025-02-19,summarized,80,95.0,93.75,0.0434,192,2.4,3,0.0375,107,728,9.1,136.0,0.06691176470588235,128.0,8192.0,0.01875,0.00029296875,reported,results/summaries/paper-v1-anthropic-adaptive-thinking-rerun-20260602/top-thinking-013-anthropic-claude-opus-4-8-high,thinking_blocks_sparse;observed_output_below_estimate
top-thinking-014-anthropic-claude-opus-4-8-xhigh,Claude Opus 4.8 xhigh,anthropic/claude-opus-4-8,xhigh,anthropic_adaptive_thinking_effort,"{""max_tokens"":16456,""reasoning_effort"":""xhigh"",""seed"":20260531}",claude-opus-4-8,16456,adaptive,summarized,xhigh,output-128k-2025-02-19,summarized,80,95.0,93.75,0.0607,601,7.5125,9,0.1125,190,1420,17.75,264.0,0.06723484848484848,256.0,16384.0,0.029345703125,0.000458526611328125,reported,results/summaries/paper-v1-anthropic-adaptive-thinking-rerun-20260602/top-thinking-014-anthropic-claude-opus-4-8-xhigh,thinking_blocks_sparse;observed_output_below_estimate
top-thinking-015-anthropic-claude-opus-4-8-max,Claude Opus 4.8 max,anthropic/claude-opus-4-8,max,anthropic_adaptive_thinking_effort,"{""max_tokens"":32840,""reasoning_effort"":""max"",""seed"":20260531}",claude-opus-4-8,32840,adaptive,summarized,max,output-128k-2025-02-19,summarized,80,97.5,97.5,0.085875,1542,19.275,29,0.3625,168,2427,30.3375,392.0,0.07739158163265306,384.0,32768.0,0.0501953125,0.000588226318359375,reported,results/summaries/paper-v1-anthropic-adaptive-thinking-rerun-20260602/top-thinking-015-anthropic-claude-opus-4-8-max,thinking_blocks_sparse;observed_output_below_estimate
top-thinking-016-anthropic-claude-sonnet-4-6-low,Claude Sonnet 4.6 low,anthropic/claude-sonnet-4-6,low,anthropic_adaptive_thinking_effort,"{""max_tokens"":2000,""reasoning_effort"":""low"",""seed"":20260531}",claude-sonnet-4-6,2000,adaptive,summarized,low,,summarized,80,88.75,86.25,0.020337,0,0.0,0,0.0,0,585,7.3125,24.0,0.3046875,16.0,512.0,0.0,0.0,not_reported_or_zero,results/summaries/paper-v1-anthropic-adaptive-thinking-rerun-20260602/top-thinking-016-anthropic-claude-sonnet-4-6-low,reasoning_zero
top-thinking-017-anthropic-claude-sonnet-4-6-medium,Claude Sonnet 4.6 medium,anthropic/claude-sonnet-4-6,medium,anthropic_adaptive_thinking_effort,"{""max_tokens"":2120,""reasoning_effort"":""medium"",""seed"":20260531}",claude-sonnet-4-6,2120,adaptive,summarized,medium,,summarized,80,96.25,92.5,0.029817,399,4.9875,9,0.1125,67,1217,15.2125,56.0,0.2716517857142857,48.0,2048.0,0.10390624999999999,0.002435302734375,reported,results/summaries/paper-v1-anthropic-adaptive-thinking-rerun-20260602/top-thinking-017-anthropic-claude-sonnet-4-6-medium,
top-thinking-018-anthropic-claude-sonnet-4-6-high,Claude Sonnet 4.6 high,anthropic/claude-sonnet-4-6,high,anthropic_adaptive_thinking_effort,"{""max_tokens"":8264,""reasoning_effort"":""high"",""seed"":20260531}",claude-sonnet-4-6,8264,adaptive,summarized,high,output-128k-2025-02-19,summarized,80,100.0,86.25,0.076467,2991,37.3875,44,0.55,186,4327,54.0875,136.0,0.39770220588235294,128.0,8192.0,0.29208984375,0.00456390380859375,reported,results/summaries/paper-v1-anthropic-adaptive-thinking-rerun-20260602/top-thinking-018-anthropic-claude-sonnet-4-6-high,
top-thinking-019-anthropic-claude-sonnet-4-6-max,Claude Sonnet 4.6 max,anthropic/claude-sonnet-4-6,max,anthropic_adaptive_thinking_effort,"{""max_tokens"":32840,""reasoning_effort"":""max"",""seed"":20260531}",claude-sonnet-4-6,32840,adaptive,summarized,max,output-128k-2025-02-19,summarized,80,98.75,80.0,0.160992,5475,68.4375,79,0.9875,889,9962,124.525,392.0,0.3176658163265306,384.0,32768.0,0.17822265625,0.0020885467529296875,reported,results/summaries/paper-v1-anthropic-adaptive-thinking-rerun-20260602/top-thinking-019-anthropic-claude-sonnet-4-6-max,
