curve,model,mode,sample_id,family,answer_successes,strict_successes,correct_successes,trials,question
Claude Sonnet 4.6,anthropic/claude-sonnet-4-6,low,obviousbench.char_count.en.v0.public.000055,character_count,2,2,2,3,How many a's are in assesses?
Claude Sonnet 4.6,anthropic/claude-sonnet-4-6,low,obviousbench.spell.en.v0.public.000017,spelling_transform,2,2,2,3,Write orange without the letter e.
Claude Sonnet 4.6,anthropic/claude-sonnet-4-6,low,obviousbench.spell.en.v0.public.000020,spelling_transform,1,0,1,3,Write committee without the letter e.
Claude Sonnet 4.6,anthropic/claude-sonnet-4-6,low,obviousbench.spell.en.v0.public.000024,spelling_transform,2,2,2,3,Spell bookkeeper backwards.
Claude Sonnet 4.6,anthropic/claude-sonnet-4-6,low,obviousbench.format.en.v0.public.000004,format_compliance,3,2,3,3,"Return a JSON object with one key, ""answer"", whose value is ""3""."
Claude Sonnet 4.6,anthropic/claude-sonnet-4-6,low,obviousbench.format.en.v0.public.000012,format_compliance,3,2,3,3,"Return a JSON object with one key, ""answer"", whose value is ""3""."
Claude Sonnet 4.6,anthropic/claude-sonnet-4-6,low,obviousbench.format.en.v0.public.000028,format_compliance,3,2,3,3,"Return a JSON object with one key, ""answer"", whose value is ""3""."
Claude Sonnet 4.6,anthropic/claude-sonnet-4-6,low,obviousbench.format.en.v0.public.000032,format_compliance,3,2,3,3,"Return a JSON object with one key, ""answer"", whose value is ""3""."
Claude Sonnet 4.6,anthropic/claude-sonnet-4-6,low,obviousbench.format.en.v0.public.000036,format_compliance,3,2,3,3,"Return a JSON object with one key, ""answer"", whose value is ""3""."
Claude Sonnet 4.6,anthropic/claude-sonnet-4-6,low,obviousbench.spell.en.v0.public.000033,spelling_transform,3,1,3,3,Spell cabinet backwards.
Claude Sonnet 4.6,anthropic/claude-sonnet-4-6,medium,obviousbench.char_count.en.v0.public.000026,character_count,2,2,2,3,How many c's are in successes?
Claude Sonnet 4.6,anthropic/claude-sonnet-4-6,medium,obviousbench.char_count.en.v0.public.000075,character_count,1,1,1,3,How many u's are in successes?
Claude Sonnet 4.6,anthropic/claude-sonnet-4-6,medium,obviousbench.constraint.en.v0.public.000042,constraint_awareness,1,1,1,3,"The campus store is downstairs. If I want to exchange my backpack, should I carry my books by hand or wear or bring the backpack?

A. Carry my books by hand
B. Wear or bring the backpack
C. Bring only the receipt
D. It is impossible"
Claude Sonnet 4.6,anthropic/claude-sonnet-4-6,medium,obviousbench.spell.en.v0.public.000006,spelling_transform,1,0,1,3,Replace every a in necessary with @.
Claude Sonnet 4.6,anthropic/claude-sonnet-4-6,medium,obviousbench.spell.en.v0.public.000017,spelling_transform,1,1,1,3,Write orange without the letter e.
Claude Sonnet 4.6,anthropic/claude-sonnet-4-6,medium,obviousbench.format.en.v0.public.000010,format_compliance,3,2,3,3,"Return a JSON object with one key, ""answer"", whose value is ""3""."
Claude Sonnet 4.6,anthropic/claude-sonnet-4-6,medium,obviousbench.format.en.v0.public.000026,format_compliance,3,2,3,3,"Return a JSON object with one key, ""answer"", whose value is ""3""."
Claude Sonnet 4.6,anthropic/claude-sonnet-4-6,medium,obviousbench.format.en.v0.public.000028,format_compliance,3,2,3,3,"Return a JSON object with one key, ""answer"", whose value is ""3""."
Claude Sonnet 4.6,anthropic/claude-sonnet-4-6,medium,obviousbench.format.en.v0.public.000032,format_compliance,3,2,3,3,"Return a JSON object with one key, ""answer"", whose value is ""3""."
Claude Sonnet 4.6,anthropic/claude-sonnet-4-6,medium,obviousbench.format.en.v0.public.000038,format_compliance,3,2,3,3,"Return a JSON object with one key, ""answer"", whose value is ""3""."
Claude Sonnet 4.6,anthropic/claude-sonnet-4-6,medium,obviousbench.format.en.v0.public.000044,format_compliance,3,2,3,3,"Return a JSON object with one key, ""answer"", whose value is ""3""."
Claude Sonnet 4.6,anthropic/claude-sonnet-4-6,medium,obviousbench.format.en.v0.public.000046,format_compliance,3,2,3,3,"Return a JSON object with exactly one key, ""answer"", whose value is ""blue""."
Claude Sonnet 4.6,anthropic/claude-sonnet-4-6,medium,obviousbench.format.en.v0.public.000050,format_compliance,3,2,3,3,"Return a JSON object with exactly one key, ""answer"", whose value is ""true""."
Claude Sonnet 4.6,anthropic/claude-sonnet-4-6,medium,obviousbench.spell.en.v0.public.000005,spelling_transform,3,2,3,3,Write necessary without the letter e.
Claude Sonnet 4.6,anthropic/claude-sonnet-4-6,high,obviousbench.constraint.en.v0.public.000010,constraint_awareness,1,0,1,3,"The motorcycle mechanic is one block away. If my motorcycle needs an oil change, should I walk there or ride the motorcycle there?

A. Walk there
B. Ride the motorcycle there
C. Take a bus
D. It is impossible"
Claude Sonnet 4.6,anthropic/claude-sonnet-4-6,high,obviousbench.spell.en.v0.public.000006,spelling_transform,2,0,2,3,Replace every a in necessary with @.
Claude Sonnet 4.6,anthropic/claude-sonnet-4-6,high,obviousbench.spell.en.v0.public.000027,spelling_transform,2,2,2,3,Spell reliability backwards.
Claude Sonnet 4.6,anthropic/claude-sonnet-4-6,high,obviousbench.constraint.en.v0.public.000037,constraint_awareness,3,1,3,3,"The engraving kiosk is beside the food court. If I want my bracelet engraved, should I wear a different bracelet or wear or bring this bracelet?

A. Wear a different bracelet
B. Wear or bring this bracelet
C. Bring only the text to engrave
D. It is impossible"
Claude Sonnet 4.6,anthropic/claude-sonnet-4-6,high,obviousbench.constraint.en.v0.public.000048,constraint_awareness,3,2,3,3,"The golf shop is beside the practice green. If my putter needs a new grip, should I walk over with only golf balls or carry or bring the putter?

A. Walk over with only golf balls
B. Carry or bring the putter
C. Bring only a scorecard
D. It is impossible"
Claude Sonnet 4.6,anthropic/claude-sonnet-4-6,high,obviousbench.format.en.v0.public.000004,format_compliance,3,1,3,3,"Return a JSON object with one key, ""answer"", whose value is ""3""."
Claude Sonnet 4.6,anthropic/claude-sonnet-4-6,high,obviousbench.format.en.v0.public.000006,format_compliance,3,2,3,3,"Return a JSON object with one key, ""answer"", whose value is ""3""."
Claude Sonnet 4.6,anthropic/claude-sonnet-4-6,high,obviousbench.format.en.v0.public.000008,format_compliance,3,2,3,3,"Return a JSON object with one key, ""answer"", whose value is ""3""."
Claude Sonnet 4.6,anthropic/claude-sonnet-4-6,high,obviousbench.format.en.v0.public.000018,format_compliance,3,1,3,3,"Return a JSON object with one key, ""answer"", whose value is ""3""."
Claude Sonnet 4.6,anthropic/claude-sonnet-4-6,high,obviousbench.format.en.v0.public.000020,format_compliance,3,2,3,3,"Return a JSON object with one key, ""answer"", whose value is ""3""."
Claude Sonnet 4.6,anthropic/claude-sonnet-4-6,high,obviousbench.format.en.v0.public.000022,format_compliance,3,2,3,3,"Return a JSON object with one key, ""answer"", whose value is ""3""."
Claude Sonnet 4.6,anthropic/claude-sonnet-4-6,high,obviousbench.format.en.v0.public.000032,format_compliance,3,2,3,3,"Return a JSON object with one key, ""answer"", whose value is ""3""."
Claude Sonnet 4.6,anthropic/claude-sonnet-4-6,high,obviousbench.format.en.v0.public.000042,format_compliance,3,2,3,3,"Return a JSON object with one key, ""answer"", whose value is ""3""."
Claude Sonnet 4.6,anthropic/claude-sonnet-4-6,high,obviousbench.format.en.v0.public.000044,format_compliance,3,2,3,3,"Return a JSON object with one key, ""answer"", whose value is ""3""."
Claude Sonnet 4.6,anthropic/claude-sonnet-4-6,high,obviousbench.format.en.v0.public.000046,format_compliance,3,2,3,3,"Return a JSON object with exactly one key, ""answer"", whose value is ""blue""."
Claude Sonnet 4.6,anthropic/claude-sonnet-4-6,high,obviousbench.format.en.v0.public.000049,format_compliance,3,1,3,3,"Return a JSON object with exactly one key, ""answer"", whose value is ""north""."
Claude Sonnet 4.6,anthropic/claude-sonnet-4-6,high,obviousbench.format.en.v0.public.000050,format_compliance,3,2,3,3,"Return a JSON object with exactly one key, ""answer"", whose value is ""true""."
Claude Sonnet 4.6,anthropic/claude-sonnet-4-6,high,obviousbench.spell.en.v0.public.000005,spelling_transform,3,2,3,3,Write necessary without the letter e.
Claude Sonnet 4.6,anthropic/claude-sonnet-4-6,max,obviousbench.constraint.en.v0.public.000010,constraint_awareness,2,0,2,3,"The motorcycle mechanic is one block away. If my motorcycle needs an oil change, should I walk there or ride the motorcycle there?

A. Walk there
B. Ride the motorcycle there
C. Take a bus
D. It is impossible"
Claude Sonnet 4.6,anthropic/claude-sonnet-4-6,max,obviousbench.spell.en.v0.public.000024,spelling_transform,2,0,2,3,Spell bookkeeper backwards.
Claude Sonnet 4.6,anthropic/claude-sonnet-4-6,max,obviousbench.spell.en.v0.public.000027,spelling_transform,2,2,2,3,Spell reliability backwards.
Claude Sonnet 4.6,anthropic/claude-sonnet-4-6,max,obviousbench.negation.en.v0.public.000021,negation,3,1,3,3,"Which word does not contain the letter e?

A. tree
B. stone
C. cat
D. green"
Claude Sonnet 4.6,anthropic/claude-sonnet-4-6,max,obviousbench.spell.en.v0.public.000014,spelling_transform,3,1,3,3,Write planet without the letter e.
GPT-5.5,openai/gpt-5.5,none,obviousbench.char_count.en.v0.public.000036,character_count,1,1,1,3,How many s's are in responsiveness?
GPT-5.5,openai/gpt-5.5,none,obviousbench.constraint.en.v0.public.000041,constraint_awareness,2,2,2,3,"The luggage store is across the mall. If I am returning my suitcase, should I move my things to a backpack or roll or carry the suitcase there?

A. Move my things to a backpack
B. Roll or carry the suitcase there
C. Bring only the luggage tag
D. It is impossible"
GPT-5.5,openai/gpt-5.5,none,obviousbench.negation.en.v0.public.000030,negation,2,2,2,3,"Which animal does not have legs?

A. dog
B. horse
C. snake
D. cat"
GPT-5.5,openai/gpt-5.5,none,obviousbench.spell.en.v0.public.000007,spelling_transform,2,2,2,3,Spell sentence backwards.
GPT-5.5,openai/gpt-5.5,medium,obviousbench.arith.en.v0.public.000015,arithmetic,2,2,2,3,What is 17 + 22 - 1?
GPT-5.5,openai/gpt-5.5,medium,obviousbench.constraint.en.v0.public.000013,constraint_awareness,2,2,2,3,"The bike shop is around the corner. If my bike needs a tune-up, should I walk there or ride the bike there?

A. Walk there
B. Ride the bike there
C. Drive a car there
D. It is impossible"
GPT-5.5,openai/gpt-5.5,high,obviousbench.constraint.en.v0.public.000013,constraint_awareness,2,2,2,3,"The bike shop is around the corner. If my bike needs a tune-up, should I walk there or ride the bike there?

A. Walk there
B. Ride the bike there
C. Drive a car there
D. It is impossible"
GPT-5.5,openai/gpt-5.5,high,obviousbench.constraint.en.v0.public.000041,constraint_awareness,2,2,2,3,"The luggage store is across the mall. If I am returning my suitcase, should I move my things to a backpack or roll or carry the suitcase there?

A. Move my things to a backpack
B. Roll or carry the suitcase there
C. Bring only the luggage tag
D. It is impossible"
GPT-5.5,openai/gpt-5.5,high,obviousbench.spell.en.v0.public.000022,spelling_transform,2,2,2,3,Write parallel without the letter e.
GPT-5.5,openai/gpt-5.5,xhigh,obviousbench.char_count.en.v0.public.000010,character_count,2,2,2,3,How many l's are in google?
GPT-5.5,openai/gpt-5.5,xhigh,obviousbench.negation.en.v0.public.000026,negation,2,2,2,3,"Which word does not contain the letter a?

A. apple
B. chair
C. stone
D. table"
