id,label,provider_route,inspect_model,model_id,thinking_depth,control_style,input_price_per_mtok_usd,output_price_per_mtok_usd,reasoning_price_per_mtok_usd,configured_reasoning_tokens_per_sample,estimated_reasoning_tokens_per_sample,calibration_source,estimated_cost_usd,estimated_cost_per_sample_usd,pricing_source,cost_warnings
openai-gpt-5-5-none,OpenAI GPT-5.5 none,openai,openai/gpt-5.5,gpt-5.5,none,openai_reasoning_effort,5,30,30,0,0,measured_usage_with_conservative_buffer:openai,0.035745,0.00044681,runcost_default_price_cards,
openai-gpt-5-5-low,OpenAI GPT-5.5 low,openai,openai/gpt-5.5,gpt-5.5,low,openai_reasoning_effort,5,30,30,256,64,measured_usage_with_conservative_buffer:openai,0.189345,0.00236681,runcost_default_price_cards,
openai-gpt-5-5-medium,OpenAI GPT-5.5 medium,openai,openai/gpt-5.5,gpt-5.5,medium,openai_reasoning_effort,5,30,30,1024,96,measured_usage_with_conservative_buffer:openai,0.266145,0.00332681,runcost_default_price_cards,
openai-gpt-5-5-high,OpenAI GPT-5.5 high,openai,openai/gpt-5.5,gpt-5.5,high,openai_reasoning_effort,5,30,30,4096,160,measured_usage_with_conservative_buffer:openai,0.419745,0.00524681,runcost_default_price_cards,
openai-gpt-5-5-xhigh,OpenAI GPT-5.5 xhigh,openai,openai/gpt-5.5,gpt-5.5,xhigh,openai_reasoning_effort,5,30,30,8192,320,measured_usage_with_conservative_buffer:openai,0.803745,0.01004681,runcost_default_price_cards,
openai-gpt-5-4-none,OpenAI GPT-5.4 none,openai,openai/gpt-5.4,gpt-5.4,none,openai_reasoning_effort,2.5,15,15,0,0,measured_usage_with_conservative_buffer:openai,0.0178725,0.00022341,runcost_default_price_cards,
openai-gpt-5-4-low,OpenAI GPT-5.4 low,openai,openai/gpt-5.4,gpt-5.4,low,openai_reasoning_effort,2.5,15,15,256,64,measured_usage_with_conservative_buffer:openai,0.0946725,0.00118341,runcost_default_price_cards,
openai-gpt-5-4-medium,OpenAI GPT-5.4 medium,openai,openai/gpt-5.4,gpt-5.4,medium,openai_reasoning_effort,2.5,15,15,1024,96,measured_usage_with_conservative_buffer:openai,0.1330725,0.00166341,runcost_default_price_cards,
openai-gpt-5-4-high,OpenAI GPT-5.4 high,openai,openai/gpt-5.4,gpt-5.4,high,openai_reasoning_effort,2.5,15,15,4096,160,measured_usage_with_conservative_buffer:openai,0.2098725,0.00262341,runcost_default_price_cards,
openai-gpt-5-4-xhigh,OpenAI GPT-5.4 xhigh,openai,openai/gpt-5.4,gpt-5.4,xhigh,openai_reasoning_effort,2.5,15,15,8192,320,measured_usage_with_conservative_buffer:openai,0.4018725,0.00502341,runcost_default_price_cards,
openai-gpt-5-4-mini-none,OpenAI GPT-5.4 mini none,openai,openai/gpt-5.4-mini,gpt-5.4-mini,none,openai_reasoning_effort,0.75,4.5,4.5,0,0,measured_usage_with_conservative_buffer:openai,0.00536175,0.00006702,runcost_default_price_cards,
openai-gpt-5-4-mini-low,OpenAI GPT-5.4 mini low,openai,openai/gpt-5.4-mini,gpt-5.4-mini,low,openai_reasoning_effort,0.75,4.5,4.5,256,64,measured_usage_with_conservative_buffer:openai,0.02840175,0.00035502,runcost_default_price_cards,
openai-gpt-5-4-mini-medium,OpenAI GPT-5.4 mini medium,openai,openai/gpt-5.4-mini,gpt-5.4-mini,medium,openai_reasoning_effort,0.75,4.5,4.5,1024,96,measured_usage_with_conservative_buffer:openai,0.03992175,0.00049902,runcost_default_price_cards,
openai-gpt-5-4-mini-high,OpenAI GPT-5.4 mini high,openai,openai/gpt-5.4-mini,gpt-5.4-mini,high,openai_reasoning_effort,0.75,4.5,4.5,4096,160,measured_usage_with_conservative_buffer:openai,0.06296175,0.00078702,runcost_default_price_cards,
openai-gpt-5-4-mini-xhigh,OpenAI GPT-5.4 mini xhigh,openai,openai/gpt-5.4-mini,gpt-5.4-mini,xhigh,openai_reasoning_effort,0.75,4.5,4.5,8192,320,measured_usage_with_conservative_buffer:openai,0.12056175,0.00150702,runcost_default_price_cards,
openai-gpt-5-4-nano-none,OpenAI GPT-5.4 nano none,openai,openai/gpt-5.4-nano,gpt-5.4-nano,none,openai_reasoning_effort,0.2,1.25,1.25,0,0,measured_usage_with_conservative_buffer:openai,0.0014618,0.00001827,runcost_default_price_cards,
openai-gpt-5-4-nano-low,OpenAI GPT-5.4 nano low,openai,openai/gpt-5.4-nano,gpt-5.4-nano,low,openai_reasoning_effort,0.2,1.25,1.25,256,64,measured_usage_with_conservative_buffer:openai,0.0078618,0.00009827,runcost_default_price_cards,
openai-gpt-5-4-nano-medium,OpenAI GPT-5.4 nano medium,openai,openai/gpt-5.4-nano,gpt-5.4-nano,medium,openai_reasoning_effort,0.2,1.25,1.25,1024,96,measured_usage_with_conservative_buffer:openai,0.0110618,0.00013827,runcost_default_price_cards,
openai-gpt-5-4-nano-high,OpenAI GPT-5.4 nano high,openai,openai/gpt-5.4-nano,gpt-5.4-nano,high,openai_reasoning_effort,0.2,1.25,1.25,4096,160,measured_usage_with_conservative_buffer:openai,0.0174618,0.00021827,runcost_default_price_cards,
openai-gpt-5-4-nano-xhigh,OpenAI GPT-5.4 nano xhigh,openai,openai/gpt-5.4-nano,gpt-5.4-nano,xhigh,openai_reasoning_effort,0.2,1.25,1.25,8192,320,measured_usage_with_conservative_buffer:openai,0.0334618,0.00041827,runcost_default_price_cards,
openai-gpt-5-2-none,OpenAI GPT-5.2 none,openai,openai/gpt-5.2,gpt-5.2,none,openai_reasoning_effort,1.75,14,14,0,0,measured_usage_with_conservative_buffer:openai,0.01475075,0.00018438,runcost_default_price_cards,
openai-gpt-5-2-low,OpenAI GPT-5.2 low,openai,openai/gpt-5.2,gpt-5.2,low,openai_reasoning_effort,1.75,14,14,256,64,measured_usage_with_conservative_buffer:openai,0.08643075,0.00108038,runcost_default_price_cards,
openai-gpt-5-2-medium,OpenAI GPT-5.2 medium,openai,openai/gpt-5.2,gpt-5.2,medium,openai_reasoning_effort,1.75,14,14,1024,96,measured_usage_with_conservative_buffer:openai,0.12227075,0.00152838,runcost_default_price_cards,
openai-gpt-5-2-high,OpenAI GPT-5.2 high,openai,openai/gpt-5.2,gpt-5.2,high,openai_reasoning_effort,1.75,14,14,4096,160,measured_usage_with_conservative_buffer:openai,0.19395075,0.00242438,runcost_default_price_cards,
openai-gpt-5-2-xhigh,OpenAI GPT-5.2 xhigh,openai,openai/gpt-5.2,gpt-5.2,xhigh,openai_reasoning_effort,1.75,14,14,8192,320,measured_usage_with_conservative_buffer:openai,0.37315075,0.00466438,runcost_default_price_cards,
openai-gpt-5-minimal,OpenAI GPT-5 minimal,openai,openai/gpt-5,gpt-5,minimal,openai_reasoning_effort,1.25,10,10,64,16,measured_usage_with_conservative_buffer:openai,0.02333625,0.0002917,runcost_default_price_cards,
openai-gpt-5-low,OpenAI GPT-5 low,openai,openai/gpt-5,gpt-5,low,openai_reasoning_effort,1.25,10,10,256,64,measured_usage_with_conservative_buffer:openai,0.06173625,0.0007717,runcost_default_price_cards,
openai-gpt-5-medium,OpenAI GPT-5 medium,openai,openai/gpt-5,gpt-5,medium,openai_reasoning_effort,1.25,10,10,1024,96,measured_usage_with_conservative_buffer:openai,0.08733625,0.0010917,runcost_default_price_cards,
openai-gpt-5-high,OpenAI GPT-5 high,openai,openai/gpt-5,gpt-5,high,openai_reasoning_effort,1.25,10,10,4096,160,measured_usage_with_conservative_buffer:openai,0.13853625,0.0017317,runcost_default_price_cards,
openai-gpt-5-mini-minimal,OpenAI GPT-5 mini minimal,openai,openai/gpt-5-mini,gpt-5-mini,minimal,openai_reasoning_effort,0.25,2,2,64,16,measured_usage_with_conservative_buffer:openai,0.00466725,0.00005834,runcost_default_price_cards,
openai-gpt-5-mini-low,OpenAI GPT-5 mini low,openai,openai/gpt-5-mini,gpt-5-mini,low,openai_reasoning_effort,0.25,2,2,256,64,measured_usage_with_conservative_buffer:openai,0.01234725,0.00015434,runcost_default_price_cards,
openai-gpt-5-mini-medium,OpenAI GPT-5 mini medium,openai,openai/gpt-5-mini,gpt-5-mini,medium,openai_reasoning_effort,0.25,2,2,1024,96,measured_usage_with_conservative_buffer:openai,0.01746725,0.00021834,runcost_default_price_cards,
openai-gpt-5-mini-high,OpenAI GPT-5 mini high,openai,openai/gpt-5-mini,gpt-5-mini,high,openai_reasoning_effort,0.25,2,2,4096,160,measured_usage_with_conservative_buffer:openai,0.02770725,0.00034634,runcost_default_price_cards,
openai-gpt-5-nano-minimal,OpenAI GPT-5 nano minimal,openai,openai/gpt-5-nano,gpt-5-nano,minimal,openai_reasoning_effort,0.05,0.4,0.4,64,16,measured_usage_with_conservative_buffer:openai,0.00093345,0.00001167,runcost_default_price_cards,
openai-gpt-5-nano-low,OpenAI GPT-5 nano low,openai,openai/gpt-5-nano,gpt-5-nano,low,openai_reasoning_effort,0.05,0.4,0.4,256,64,measured_usage_with_conservative_buffer:openai,0.00246945,0.00003087,runcost_default_price_cards,
openai-gpt-5-nano-medium,OpenAI GPT-5 nano medium,openai,openai/gpt-5-nano,gpt-5-nano,medium,openai_reasoning_effort,0.05,0.4,0.4,1024,96,measured_usage_with_conservative_buffer:openai,0.00349345,0.00004367,runcost_default_price_cards,
openai-gpt-5-nano-high,OpenAI GPT-5 nano high,openai,openai/gpt-5-nano,gpt-5-nano,high,openai_reasoning_effort,0.05,0.4,0.4,4096,160,measured_usage_with_conservative_buffer:openai,0.00554145,0.00006927,runcost_default_price_cards,
anthropic-claude-opus-4-8-low,Claude Opus 4.8 low,anthropic,anthropic/claude-opus-4-8,claude-opus-4-8,low,anthropic_adaptive_thinking_effort,5,25,25,512,16,measured_usage_with_conservative_buffer:anthropic,0.064545,0.00080681,runcost_default_price_cards,
anthropic-claude-opus-4-8-medium,Claude Opus 4.8 medium,anthropic,anthropic/claude-opus-4-8,claude-opus-4-8,medium,anthropic_adaptive_thinking_effort,5,25,25,2048,48,measured_usage_with_conservative_buffer:anthropic,0.128545,0.00160681,runcost_default_price_cards,
anthropic-claude-opus-4-8-high,Claude Opus 4.8 high,anthropic,anthropic/claude-opus-4-8,claude-opus-4-8,high,anthropic_adaptive_thinking_effort,5,25,25,8192,128,measured_usage_with_conservative_buffer:anthropic,0.288545,0.00360681,runcost_default_price_cards,
anthropic-claude-opus-4-8-xhigh,Claude Opus 4.8 xhigh,anthropic,anthropic/claude-opus-4-8,claude-opus-4-8,xhigh,anthropic_adaptive_thinking_effort,5,25,25,16384,256,measured_usage_with_conservative_buffer:anthropic,0.544545,0.00680681,runcost_default_price_cards,
anthropic-claude-opus-4-8-max,Claude Opus 4.8 max,anthropic,anthropic/claude-opus-4-8,claude-opus-4-8,max,anthropic_adaptive_thinking_effort,5,25,25,32768,384,measured_usage_with_conservative_buffer:anthropic,0.800545,0.01000681,runcost_default_price_cards,
anthropic-claude-opus-4-7-low,Claude Opus 4.7 low,anthropic,anthropic/claude-opus-4-7,claude-opus-4-7,low,anthropic_adaptive_thinking_effort,5,25,25,512,16,measured_usage_with_conservative_buffer:anthropic,0.064545,0.00080681,runcost_default_price_cards,
anthropic-claude-opus-4-7-medium,Claude Opus 4.7 medium,anthropic,anthropic/claude-opus-4-7,claude-opus-4-7,medium,anthropic_adaptive_thinking_effort,5,25,25,2048,48,measured_usage_with_conservative_buffer:anthropic,0.128545,0.00160681,runcost_default_price_cards,
anthropic-claude-opus-4-7-high,Claude Opus 4.7 high,anthropic,anthropic/claude-opus-4-7,claude-opus-4-7,high,anthropic_adaptive_thinking_effort,5,25,25,8192,128,measured_usage_with_conservative_buffer:anthropic,0.288545,0.00360681,runcost_default_price_cards,
anthropic-claude-opus-4-7-xhigh,Claude Opus 4.7 xhigh,anthropic,anthropic/claude-opus-4-7,claude-opus-4-7,xhigh,anthropic_adaptive_thinking_effort,5,25,25,16384,256,measured_usage_with_conservative_buffer:anthropic,0.544545,0.00680681,runcost_default_price_cards,
anthropic-claude-opus-4-7-max,Claude Opus 4.7 max,anthropic,anthropic/claude-opus-4-7,claude-opus-4-7,max,anthropic_adaptive_thinking_effort,5,25,25,32768,384,measured_usage_with_conservative_buffer:anthropic,0.800545,0.01000681,runcost_default_price_cards,
anthropic-claude-opus-4-6-low,Claude Opus 4.6 low,anthropic,anthropic/claude-opus-4-6,claude-opus-4-6,low,anthropic_adaptive_thinking_effort,5,25,25,512,16,measured_usage_with_conservative_buffer:anthropic,0.064545,0.00080681,runcost_default_price_cards,
anthropic-claude-opus-4-6-medium,Claude Opus 4.6 medium,anthropic,anthropic/claude-opus-4-6,claude-opus-4-6,medium,anthropic_adaptive_thinking_effort,5,25,25,2048,48,measured_usage_with_conservative_buffer:anthropic,0.128545,0.00160681,runcost_default_price_cards,
anthropic-claude-opus-4-6-high,Claude Opus 4.6 high,anthropic,anthropic/claude-opus-4-6,claude-opus-4-6,high,anthropic_adaptive_thinking_effort,5,25,25,8192,128,measured_usage_with_conservative_buffer:anthropic,0.288545,0.00360681,runcost_default_price_cards,
anthropic-claude-opus-4-6-max,Claude Opus 4.6 max,anthropic,anthropic/claude-opus-4-6,claude-opus-4-6,max,anthropic_adaptive_thinking_effort,5,25,25,32768,384,measured_usage_with_conservative_buffer:anthropic,0.800545,0.01000681,runcost_default_price_cards,
anthropic-claude-opus-4-5-low,Claude Opus 4.5 low_budget_512,anthropic,anthropic/claude-opus-4-5,claude-opus-4-5,low,anthropic_manual_thinking_budget,5,25,25,512,16,measured_usage_with_conservative_buffer:anthropic,0.064545,0.00080681,runcost_default_price_cards,
anthropic-claude-opus-4-5-medium,Claude Opus 4.5 medium_budget_2048,anthropic,anthropic/claude-opus-4-5,claude-opus-4-5,medium,anthropic_manual_thinking_budget,5,25,25,2048,48,measured_usage_with_conservative_buffer:anthropic,0.128545,0.00160681,runcost_default_price_cards,
anthropic-claude-opus-4-5-high,Claude Opus 4.5 high_budget_8192,anthropic,anthropic/claude-opus-4-5,claude-opus-4-5,high,anthropic_manual_thinking_budget,5,25,25,8192,128,measured_usage_with_conservative_buffer:anthropic,0.288545,0.00360681,runcost_default_price_cards,
anthropic-claude-opus-4-5-max,Claude Opus 4.5 max_budget_32768,anthropic,anthropic/claude-opus-4-5,claude-opus-4-5,max,anthropic_manual_thinking_budget,5,25,25,32768,384,measured_usage_with_conservative_buffer:anthropic,0.800545,0.01000681,runcost_default_price_cards,
anthropic-claude-sonnet-4-6-low,Claude Sonnet 4.6 low,anthropic,anthropic/claude-sonnet-4-6,claude-sonnet-4-6,low,anthropic_adaptive_thinking_effort,3,15,15,512,16,measured_usage_with_conservative_buffer:anthropic,0.038727,0.00048409,runcost_default_price_cards,
anthropic-claude-sonnet-4-6-medium,Claude Sonnet 4.6 medium,anthropic,anthropic/claude-sonnet-4-6,claude-sonnet-4-6,medium,anthropic_adaptive_thinking_effort,3,15,15,2048,48,measured_usage_with_conservative_buffer:anthropic,0.077127,0.00096409,runcost_default_price_cards,
anthropic-claude-sonnet-4-6-high,Claude Sonnet 4.6 high,anthropic,anthropic/claude-sonnet-4-6,claude-sonnet-4-6,high,anthropic_adaptive_thinking_effort,3,15,15,8192,128,measured_usage_with_conservative_buffer:anthropic,0.173127,0.00216409,runcost_default_price_cards,
anthropic-claude-sonnet-4-6-max,Claude Sonnet 4.6 max,anthropic,anthropic/claude-sonnet-4-6,claude-sonnet-4-6,max,anthropic_adaptive_thinking_effort,3,15,15,32768,384,measured_usage_with_conservative_buffer:anthropic,0.480327,0.00600409,runcost_default_price_cards,
anthropic-claude-sonnet-4-5-low,Claude Sonnet 4.5 low_budget_512,anthropic,anthropic/claude-sonnet-4-5,claude-sonnet-4-5,low,anthropic_manual_thinking_budget,3,15,15,512,16,measured_usage_with_conservative_buffer:anthropic,0.038727,0.00048409,runcost_default_price_cards,
anthropic-claude-sonnet-4-5-medium,Claude Sonnet 4.5 medium_budget_2048,anthropic,anthropic/claude-sonnet-4-5,claude-sonnet-4-5,medium,anthropic_manual_thinking_budget,3,15,15,2048,48,measured_usage_with_conservative_buffer:anthropic,0.077127,0.00096409,runcost_default_price_cards,
anthropic-claude-sonnet-4-5-high,Claude Sonnet 4.5 high_budget_8192,anthropic,anthropic/claude-sonnet-4-5,claude-sonnet-4-5,high,anthropic_manual_thinking_budget,3,15,15,8192,128,measured_usage_with_conservative_buffer:anthropic,0.173127,0.00216409,runcost_default_price_cards,
anthropic-claude-sonnet-4-5-max,Claude Sonnet 4.5 max_budget_32768,anthropic,anthropic/claude-sonnet-4-5,claude-sonnet-4-5,max,anthropic_manual_thinking_budget,3,15,15,32768,384,measured_usage_with_conservative_buffer:anthropic,0.480327,0.00600409,runcost_default_price_cards,
gemini-gemini-2-5-pro-low,Gemini 2.5 Pro low_budget_1024,gemini,google/gemini-2.5-pro,gemini-2.5-pro,low,gemini_thinking_budget,1.25,10,10,1024,64,measured_usage_with_conservative_buffer:gemini,0.06173625,0.0007717,runcost_default_price_cards,
gemini-gemini-2-5-pro-medium,Gemini 2.5 Pro medium_budget_8192,gemini,google/gemini-2.5-pro,gemini-2.5-pro,medium,gemini_thinking_budget,1.25,10,10,8192,192,measured_usage_with_conservative_buffer:gemini,0.16413625,0.0020517,runcost_default_price_cards,
gemini-gemini-2-5-pro-high,Gemini 2.5 Pro high_budget_24576,gemini,google/gemini-2.5-pro,gemini-2.5-pro,high,gemini_thinking_budget,1.25,10,10,24576,384,measured_usage_with_conservative_buffer:gemini,0.31773625,0.0039717,runcost_default_price_cards,
gemini-gemini-2-5-pro-max,Gemini 2.5 Pro max_budget_32768,gemini,google/gemini-2.5-pro,gemini-2.5-pro,max,gemini_thinking_budget,1.25,10,10,32768,512,measured_usage_with_conservative_buffer:gemini,0.42013625,0.0052517,runcost_default_price_cards,
gemini-gemini-2-5-flash-none,Gemini 2.5 Flash thinking_budget_0,gemini,google/gemini-2.5-flash,gemini-2.5-flash,none,gemini_thinking_budget,0.3,2.5,2.5,0,0,measured_usage_with_conservative_buffer:gemini,0.0025927,0.00003241,runcost_default_price_cards,
gemini-gemini-2-5-flash-low,Gemini 2.5 Flash low_budget_1024,gemini,google/gemini-2.5-flash,gemini-2.5-flash,low,gemini_thinking_budget,0.3,2.5,2.5,1024,64,measured_usage_with_conservative_buffer:gemini,0.0153927,0.00019241,runcost_default_price_cards,
gemini-gemini-2-5-flash-medium,Gemini 2.5 Flash medium_budget_8192,gemini,google/gemini-2.5-flash,gemini-2.5-flash,medium,gemini_thinking_budget,0.3,2.5,2.5,8192,192,measured_usage_with_conservative_buffer:gemini,0.0409927,0.00051241,runcost_default_price_cards,
gemini-gemini-2-5-flash-high,Gemini 2.5 Flash high_budget_24576,gemini,google/gemini-2.5-flash,gemini-2.5-flash,high,gemini_thinking_budget,0.3,2.5,2.5,24576,384,measured_usage_with_conservative_buffer:gemini,0.0793927,0.00099241,runcost_default_price_cards,
gemini-gemini-2-5-flash-lite-none,Gemini 2.5 Flash-Lite thinking_budget_0,gemini,google/gemini-2.5-flash-lite,gemini-2.5-flash-lite,none,gemini_thinking_budget,0.1,0.4,0.4,0,0,measured_usage_with_conservative_buffer:gemini,0.0005869,0.00000734,runcost_default_price_cards,
gemini-gemini-2-5-flash-lite-low,Gemini 2.5 Flash-Lite low_budget_1024,gemini,google/gemini-2.5-flash-lite,gemini-2.5-flash-lite,low,gemini_thinking_budget,0.1,0.4,0.4,1024,64,measured_usage_with_conservative_buffer:gemini,0.0026349,0.00003294,runcost_default_price_cards,
gemini-gemini-2-5-flash-lite-medium,Gemini 2.5 Flash-Lite medium_budget_8192,gemini,google/gemini-2.5-flash-lite,gemini-2.5-flash-lite,medium,gemini_thinking_budget,0.1,0.4,0.4,8192,192,measured_usage_with_conservative_buffer:gemini,0.0067309,0.00008414,runcost_default_price_cards,
gemini-gemini-2-5-flash-lite-high,Gemini 2.5 Flash-Lite high_budget_24576,gemini,google/gemini-2.5-flash-lite,gemini-2.5-flash-lite,high,gemini_thinking_budget,0.1,0.4,0.4,24576,384,measured_usage_with_conservative_buffer:gemini,0.0128749,0.00016094,runcost_default_price_cards,
gemini-gemini-3-1-pro-preview-low,Gemini 3.1 Pro Preview low_budget_1024,gemini,google/gemini-3.1-pro-preview,gemini-3.1-pro-preview,low,gemini_thinking_level,2,12,12,1024,64,measured_usage_with_conservative_buffer:gemini,0.075738,0.00094673,runcost_default_price_cards,
gemini-gemini-3-1-pro-preview-high,Gemini 3.1 Pro Preview high_budget_24576,gemini,google/gemini-3.1-pro-preview,gemini-3.1-pro-preview,high,gemini_thinking_level,2,12,12,24576,384,measured_usage_with_conservative_buffer:gemini,0.382938,0.00478673,runcost_default_price_cards,
gemini-gemini-3-5-flash-minimal,Gemini 3.5 Flash minimal_budget_1024,gemini,google/gemini-3.5-flash,gemini-3.5-flash,minimal,gemini_thinking_level,1.5,9,9,1024,32,measured_usage_with_conservative_buffer:gemini,0.0337635,0.00042204,runcost_default_price_cards,
gemini-gemini-3-5-flash-low,Gemini 3.5 Flash low_budget_1024,gemini,google/gemini-3.5-flash,gemini-3.5-flash,low,gemini_thinking_level,1.5,9,9,1024,64,measured_usage_with_conservative_buffer:gemini,0.0568035,0.00071004,runcost_default_price_cards,
gemini-gemini-3-5-flash-medium,Gemini 3.5 Flash medium_budget_8192,gemini,google/gemini-3.5-flash,gemini-3.5-flash,medium,gemini_thinking_level,1.5,9,9,8192,192,measured_usage_with_conservative_buffer:gemini,0.1489635,0.00186204,runcost_default_price_cards,
gemini-gemini-3-5-flash-high,Gemini 3.5 Flash high_budget_24576,gemini,google/gemini-3.5-flash,gemini-3.5-flash,high,gemini_thinking_level,1.5,9,9,24576,384,measured_usage_with_conservative_buffer:gemini,0.2872035,0.00359004,runcost_default_price_cards,
gemini-gemini-3-flash-preview-minimal,Gemini 3 Flash Preview minimal_budget_1024,gemini,google/gemini-3-flash-preview,gemini-3-flash-preview,minimal,gemini_thinking_level,0.5,3,3,1024,32,measured_usage_with_conservative_buffer:gemini,0.0112545,0.00014068,runcost_default_price_cards,
gemini-gemini-3-flash-preview-low,Gemini 3 Flash Preview low_budget_1024,gemini,google/gemini-3-flash-preview,gemini-3-flash-preview,low,gemini_thinking_level,0.5,3,3,1024,64,measured_usage_with_conservative_buffer:gemini,0.0189345,0.00023668,runcost_default_price_cards,
gemini-gemini-3-flash-preview-medium,Gemini 3 Flash Preview medium_budget_8192,gemini,google/gemini-3-flash-preview,gemini-3-flash-preview,medium,gemini_thinking_level,0.5,3,3,8192,192,measured_usage_with_conservative_buffer:gemini,0.0496545,0.00062068,runcost_default_price_cards,
gemini-gemini-3-flash-preview-high,Gemini 3 Flash Preview high_budget_24576,gemini,google/gemini-3-flash-preview,gemini-3-flash-preview,high,gemini_thinking_level,0.5,3,3,24576,384,measured_usage_with_conservative_buffer:gemini,0.0957345,0.00119668,runcost_default_price_cards,
gemini-gemini-3-1-flash-lite-minimal,Gemini 3.1 Flash-Lite minimal_budget_1024,gemini,google/gemini-3.1-flash-lite,gemini-3.1-flash-lite,minimal,gemini_thinking_level,0.25,1.5,1.5,1024,32,measured_usage_with_conservative_buffer:gemini,0.00562725,0.00007034,runcost_default_price_cards,
gemini-gemini-3-1-flash-lite-low,Gemini 3.1 Flash-Lite low_budget_1024,gemini,google/gemini-3.1-flash-lite,gemini-3.1-flash-lite,low,gemini_thinking_level,0.25,1.5,1.5,1024,64,measured_usage_with_conservative_buffer:gemini,0.00946725,0.00011834,runcost_default_price_cards,
gemini-gemini-3-1-flash-lite-medium,Gemini 3.1 Flash-Lite medium_budget_8192,gemini,google/gemini-3.1-flash-lite,gemini-3.1-flash-lite,medium,gemini_thinking_level,0.25,1.5,1.5,8192,192,measured_usage_with_conservative_buffer:gemini,0.02482725,0.00031034,runcost_default_price_cards,
gemini-gemini-3-1-flash-lite-high,Gemini 3.1 Flash-Lite high_budget_24576,gemini,google/gemini-3.1-flash-lite,gemini-3.1-flash-lite,high,gemini_thinking_level,0.25,1.5,1.5,24576,384,measured_usage_with_conservative_buffer:gemini,0.04786725,0.00059834,runcost_default_price_cards,
grok-grok-4-3-none,Grok 4.3 none,grok,grok/grok-4.3,grok-4.3,none,xai_reasoning_effort,1.25,2.5,2.5,0,0,measured_usage_with_conservative_buffer:grok,0.00573625,0.0000717,runcost_default_price_cards,
grok-grok-4-3-low,Grok 4.3 low,grok,grok/grok-4.3,grok-4.3,low,xai_reasoning_effort,1.25,2.5,2.5,256,128,measured_usage_with_conservative_buffer:grok,0.03133625,0.0003917,runcost_default_price_cards,
grok-grok-4-3-medium,Grok 4.3 medium,grok,grok/grok-4.3,grok-4.3,medium,xai_reasoning_effort,1.25,2.5,2.5,1024,256,measured_usage_with_conservative_buffer:grok,0.05693625,0.0007117,runcost_default_price_cards,
grok-grok-4-3-high,Grok 4.3 high,grok,grok/grok-4.3,grok-4.3,high,xai_reasoning_effort,1.25,2.5,2.5,4096,512,measured_usage_with_conservative_buffer:grok,0.10813625,0.0013517,runcost_default_price_cards,
grok-grok-4-20-multi-agent-low,Grok 4.20 Multi-Agent low,grok,grok/grok-4.20-multi-agent,grok-4.20-multi-agent,low,xai_reasoning_effort,2,6,6,256,128,measured_usage_with_conservative_buffer:grok,0.071898,0.00089873,openrouter_models_api_proxy_price,
grok-grok-4-20-multi-agent-medium,Grok 4.20 Multi-Agent medium,grok,grok/grok-4.20-multi-agent,grok-4.20-multi-agent,medium,xai_reasoning_effort,2,6,6,1024,256,measured_usage_with_conservative_buffer:grok,0.133338,0.00166673,openrouter_models_api_proxy_price,
grok-grok-4-20-multi-agent-high,Grok 4.20 Multi-Agent high,grok,grok/grok-4.20-multi-agent,grok-4.20-multi-agent,high,xai_reasoning_effort,2,6,6,4096,512,measured_usage_with_conservative_buffer:grok,0.256218,0.00320273,openrouter_models_api_proxy_price,
grok-grok-4-20-multi-agent-xhigh,Grok 4.20 Multi-Agent xhigh,grok,grok/grok-4.20-multi-agent,grok-4.20-multi-agent,xhigh,xai_reasoning_effort,2,6,6,8192,1024,measured_usage_with_conservative_buffer:grok,0.501978,0.00627473,openrouter_models_api_proxy_price,
openrouter-openai-gpt-5-5-none,OpenAI: GPT-5.5 none,openrouter,openrouter/openai/gpt-5.5,openai/gpt-5.5,none,openrouter_reasoning_effort,5,30,30,0,0,measured_usage_with_conservative_buffer:openai,0.035745,0.00044681,openrouter_models_api,
openrouter-openai-gpt-5-5-low,OpenAI: GPT-5.5 low,openrouter,openrouter/openai/gpt-5.5,openai/gpt-5.5,low,openrouter_reasoning_effort,5,30,30,512,64,measured_usage_with_conservative_buffer:openai,0.189345,0.00236681,openrouter_models_api,
openrouter-openai-gpt-5-5-medium,OpenAI: GPT-5.5 medium,openrouter,openrouter/openai/gpt-5.5,openai/gpt-5.5,medium,openrouter_reasoning_effort,5,30,30,2048,96,measured_usage_with_conservative_buffer:openai,0.266145,0.00332681,openrouter_models_api,
openrouter-openai-gpt-5-5-high,OpenAI: GPT-5.5 high,openrouter,openrouter/openai/gpt-5.5,openai/gpt-5.5,high,openrouter_reasoning_effort,5,30,30,8192,160,measured_usage_with_conservative_buffer:openai,0.419745,0.00524681,openrouter_models_api,
openrouter-openai-gpt-5-5-xhigh,OpenAI: GPT-5.5 xhigh,openrouter,openrouter/openai/gpt-5.5,openai/gpt-5.5,xhigh,openrouter_reasoning_effort,5,30,30,16384,320,measured_usage_with_conservative_buffer:openai,0.803745,0.01004681,openrouter_models_api,
openrouter-openai-gpt-5-4-image-2-none,OpenAI: GPT-5.4 Image 2 none,openrouter,openrouter/openai/gpt-5.4-image-2,openai/gpt-5.4-image-2,none,openrouter_reasoning_effort,8,15,15,0,0,measured_usage_with_conservative_buffer:openai,0.036072,0.0004509,openrouter_models_api,
openrouter-openai-gpt-5-4-image-2-low,OpenAI: GPT-5.4 Image 2 low,openrouter,openrouter/openai/gpt-5.4-image-2,openai/gpt-5.4-image-2,low,openrouter_reasoning_effort,8,15,15,512,64,measured_usage_with_conservative_buffer:openai,0.112872,0.0014109,openrouter_models_api,
openrouter-openai-gpt-5-4-image-2-medium,OpenAI: GPT-5.4 Image 2 medium,openrouter,openrouter/openai/gpt-5.4-image-2,openai/gpt-5.4-image-2,medium,openrouter_reasoning_effort,8,15,15,2048,96,measured_usage_with_conservative_buffer:openai,0.151272,0.0018909,openrouter_models_api,
openrouter-openai-gpt-5-4-image-2-high,OpenAI: GPT-5.4 Image 2 high,openrouter,openrouter/openai/gpt-5.4-image-2,openai/gpt-5.4-image-2,high,openrouter_reasoning_effort,8,15,15,8192,160,measured_usage_with_conservative_buffer:openai,0.228072,0.0028509,openrouter_models_api,
openrouter-openai-gpt-5-4-image-2-xhigh,OpenAI: GPT-5.4 Image 2 xhigh,openrouter,openrouter/openai/gpt-5.4-image-2,openai/gpt-5.4-image-2,xhigh,openrouter_reasoning_effort,8,15,15,16384,320,measured_usage_with_conservative_buffer:openai,0.420072,0.0052509,openrouter_models_api,
openrouter-openai-gpt-5-4-nano-none,OpenAI: GPT-5.4 Nano none,openrouter,openrouter/openai/gpt-5.4-nano,openai/gpt-5.4-nano,none,openrouter_reasoning_effort,0.2,1.25,1.25,0,0,measured_usage_with_conservative_buffer:openai,0.0014618,0.00001827,openrouter_models_api,
openrouter-openai-gpt-5-4-nano-low,OpenAI: GPT-5.4 Nano low,openrouter,openrouter/openai/gpt-5.4-nano,openai/gpt-5.4-nano,low,openrouter_reasoning_effort,0.2,1.25,1.25,512,64,measured_usage_with_conservative_buffer:openai,0.0078618,0.00009827,openrouter_models_api,
openrouter-openai-gpt-5-4-nano-medium,OpenAI: GPT-5.4 Nano medium,openrouter,openrouter/openai/gpt-5.4-nano,openai/gpt-5.4-nano,medium,openrouter_reasoning_effort,0.2,1.25,1.25,2048,96,measured_usage_with_conservative_buffer:openai,0.0110618,0.00013827,openrouter_models_api,
openrouter-openai-gpt-5-4-nano-high,OpenAI: GPT-5.4 Nano high,openrouter,openrouter/openai/gpt-5.4-nano,openai/gpt-5.4-nano,high,openrouter_reasoning_effort,0.2,1.25,1.25,8192,160,measured_usage_with_conservative_buffer:openai,0.0174618,0.00021827,openrouter_models_api,
openrouter-openai-gpt-5-4-nano-xhigh,OpenAI: GPT-5.4 Nano xhigh,openrouter,openrouter/openai/gpt-5.4-nano,openai/gpt-5.4-nano,xhigh,openrouter_reasoning_effort,0.2,1.25,1.25,16384,320,measured_usage_with_conservative_buffer:openai,0.0334618,0.00041827,openrouter_models_api,
openrouter-openai-gpt-5-4-mini-none,OpenAI: GPT-5.4 Mini none,openrouter,openrouter/openai/gpt-5.4-mini,openai/gpt-5.4-mini,none,openrouter_reasoning_effort,0.75,4.5,4.5,0,0,measured_usage_with_conservative_buffer:openai,0.00536175,0.00006702,openrouter_models_api,
openrouter-openai-gpt-5-4-mini-low,OpenAI: GPT-5.4 Mini low,openrouter,openrouter/openai/gpt-5.4-mini,openai/gpt-5.4-mini,low,openrouter_reasoning_effort,0.75,4.5,4.5,512,64,measured_usage_with_conservative_buffer:openai,0.02840175,0.00035502,openrouter_models_api,
openrouter-openai-gpt-5-4-mini-medium,OpenAI: GPT-5.4 Mini medium,openrouter,openrouter/openai/gpt-5.4-mini,openai/gpt-5.4-mini,medium,openrouter_reasoning_effort,0.75,4.5,4.5,2048,96,measured_usage_with_conservative_buffer:openai,0.03992175,0.00049902,openrouter_models_api,
openrouter-openai-gpt-5-4-mini-high,OpenAI: GPT-5.4 Mini high,openrouter,openrouter/openai/gpt-5.4-mini,openai/gpt-5.4-mini,high,openrouter_reasoning_effort,0.75,4.5,4.5,8192,160,measured_usage_with_conservative_buffer:openai,0.06296175,0.00078702,openrouter_models_api,
openrouter-openai-gpt-5-4-mini-xhigh,OpenAI: GPT-5.4 Mini xhigh,openrouter,openrouter/openai/gpt-5.4-mini,openai/gpt-5.4-mini,xhigh,openrouter_reasoning_effort,0.75,4.5,4.5,16384,320,measured_usage_with_conservative_buffer:openai,0.12056175,0.00150702,openrouter_models_api,
openrouter-openai-gpt-5-4-none,OpenAI: GPT-5.4 none,openrouter,openrouter/openai/gpt-5.4,openai/gpt-5.4,none,openrouter_reasoning_effort,2.5,15,15,0,0,measured_usage_with_conservative_buffer:openai,0.0178725,0.00022341,openrouter_models_api,
openrouter-openai-gpt-5-4-low,OpenAI: GPT-5.4 low,openrouter,openrouter/openai/gpt-5.4,openai/gpt-5.4,low,openrouter_reasoning_effort,2.5,15,15,512,64,measured_usage_with_conservative_buffer:openai,0.0946725,0.00118341,openrouter_models_api,
openrouter-openai-gpt-5-4-medium,OpenAI: GPT-5.4 medium,openrouter,openrouter/openai/gpt-5.4,openai/gpt-5.4,medium,openrouter_reasoning_effort,2.5,15,15,2048,96,measured_usage_with_conservative_buffer:openai,0.1330725,0.00166341,openrouter_models_api,
openrouter-openai-gpt-5-4-high,OpenAI: GPT-5.4 high,openrouter,openrouter/openai/gpt-5.4,openai/gpt-5.4,high,openrouter_reasoning_effort,2.5,15,15,8192,160,measured_usage_with_conservative_buffer:openai,0.2098725,0.00262341,openrouter_models_api,
openrouter-openai-gpt-5-4-xhigh,OpenAI: GPT-5.4 xhigh,openrouter,openrouter/openai/gpt-5.4,openai/gpt-5.4,xhigh,openrouter_reasoning_effort,2.5,15,15,16384,320,measured_usage_with_conservative_buffer:openai,0.4018725,0.00502341,openrouter_models_api,
openrouter-openai-gpt-5-2-codex-none,OpenAI: GPT-5.2-Codex none,openrouter,openrouter/openai/gpt-5.2-codex,openai/gpt-5.2-codex,none,openrouter_reasoning_effort,1.75,14,14,0,0,measured_usage_with_conservative_buffer:openai,0.01475075,0.00018438,openrouter_models_api,
openrouter-openai-gpt-5-2-codex-low,OpenAI: GPT-5.2-Codex low,openrouter,openrouter/openai/gpt-5.2-codex,openai/gpt-5.2-codex,low,openrouter_reasoning_effort,1.75,14,14,512,64,measured_usage_with_conservative_buffer:openai,0.08643075,0.00108038,openrouter_models_api,
openrouter-openai-gpt-5-2-codex-medium,OpenAI: GPT-5.2-Codex medium,openrouter,openrouter/openai/gpt-5.2-codex,openai/gpt-5.2-codex,medium,openrouter_reasoning_effort,1.75,14,14,2048,96,measured_usage_with_conservative_buffer:openai,0.12227075,0.00152838,openrouter_models_api,
openrouter-openai-gpt-5-2-codex-high,OpenAI: GPT-5.2-Codex high,openrouter,openrouter/openai/gpt-5.2-codex,openai/gpt-5.2-codex,high,openrouter_reasoning_effort,1.75,14,14,8192,160,measured_usage_with_conservative_buffer:openai,0.19395075,0.00242438,openrouter_models_api,
openrouter-openai-gpt-5-2-codex-xhigh,OpenAI: GPT-5.2-Codex xhigh,openrouter,openrouter/openai/gpt-5.2-codex,openai/gpt-5.2-codex,xhigh,openrouter_reasoning_effort,1.75,14,14,16384,320,measured_usage_with_conservative_buffer:openai,0.37315075,0.00466438,openrouter_models_api,
openrouter-openai-gpt-5-2-none,OpenAI: GPT-5.2 none,openrouter,openrouter/openai/gpt-5.2,openai/gpt-5.2,none,openrouter_reasoning_effort,1.75,14,14,0,0,measured_usage_with_conservative_buffer:openai,0.01475075,0.00018438,openrouter_models_api,
openrouter-openai-gpt-5-2-low,OpenAI: GPT-5.2 low,openrouter,openrouter/openai/gpt-5.2,openai/gpt-5.2,low,openrouter_reasoning_effort,1.75,14,14,512,64,measured_usage_with_conservative_buffer:openai,0.08643075,0.00108038,openrouter_models_api,
openrouter-openai-gpt-5-2-medium,OpenAI: GPT-5.2 medium,openrouter,openrouter/openai/gpt-5.2,openai/gpt-5.2,medium,openrouter_reasoning_effort,1.75,14,14,2048,96,measured_usage_with_conservative_buffer:openai,0.12227075,0.00152838,openrouter_models_api,
openrouter-openai-gpt-5-2-high,OpenAI: GPT-5.2 high,openrouter,openrouter/openai/gpt-5.2,openai/gpt-5.2,high,openrouter_reasoning_effort,1.75,14,14,8192,160,measured_usage_with_conservative_buffer:openai,0.19395075,0.00242438,openrouter_models_api,
openrouter-openai-gpt-5-2-xhigh,OpenAI: GPT-5.2 xhigh,openrouter,openrouter/openai/gpt-5.2,openai/gpt-5.2,xhigh,openrouter_reasoning_effort,1.75,14,14,16384,320,measured_usage_with_conservative_buffer:openai,0.37315075,0.00466438,openrouter_models_api,
openrouter-openai-gpt-5-image-mini-minimal,OpenAI: GPT-5 Image Mini minimal,openrouter,openrouter/openai/gpt-5-image-mini,openai/gpt-5-image-mini,minimal,openrouter_reasoning_effort,2.5,2,2,64,16,measured_usage_with_conservative_buffer:openai,0.0121125,0.00015141,openrouter_models_api,
openrouter-openai-gpt-5-image-mini-low,OpenAI: GPT-5 Image Mini low,openrouter,openrouter/openai/gpt-5-image-mini,openai/gpt-5-image-mini,low,openrouter_reasoning_effort,2.5,2,2,512,64,measured_usage_with_conservative_buffer:openai,0.0197925,0.00024741,openrouter_models_api,
openrouter-openai-gpt-5-image-mini-medium,OpenAI: GPT-5 Image Mini medium,openrouter,openrouter/openai/gpt-5-image-mini,openai/gpt-5-image-mini,medium,openrouter_reasoning_effort,2.5,2,2,2048,96,measured_usage_with_conservative_buffer:openai,0.0249125,0.00031141,openrouter_models_api,
openrouter-openai-gpt-5-image-mini-high,OpenAI: GPT-5 Image Mini high,openrouter,openrouter/openai/gpt-5-image-mini,openai/gpt-5-image-mini,high,openrouter_reasoning_effort,2.5,2,2,8192,160,measured_usage_with_conservative_buffer:openai,0.0351525,0.00043941,openrouter_models_api,
openrouter-openai-gpt-5-image-minimal,OpenAI: GPT-5 Image minimal,openrouter,openrouter/openai/gpt-5-image,openai/gpt-5-image,minimal,openrouter_reasoning_effort,10,10,10,64,16,measured_usage_with_conservative_buffer:openai,0.05229,0.00065363,openrouter_models_api,
openrouter-openai-gpt-5-image-low,OpenAI: GPT-5 Image low,openrouter,openrouter/openai/gpt-5-image,openai/gpt-5-image,low,openrouter_reasoning_effort,10,10,10,512,64,measured_usage_with_conservative_buffer:openai,0.09069,0.00113363,openrouter_models_api,
openrouter-openai-gpt-5-image-medium,OpenAI: GPT-5 Image medium,openrouter,openrouter/openai/gpt-5-image,openai/gpt-5-image,medium,openrouter_reasoning_effort,10,10,10,2048,96,measured_usage_with_conservative_buffer:openai,0.11629,0.00145363,openrouter_models_api,
openrouter-openai-gpt-5-image-high,OpenAI: GPT-5 Image high,openrouter,openrouter/openai/gpt-5-image,openai/gpt-5-image,high,openrouter_reasoning_effort,10,10,10,8192,160,measured_usage_with_conservative_buffer:openai,0.16749,0.00209362,openrouter_models_api,
openrouter-openai-o3-deep-research-low,OpenAI: o3 Deep Research low_budget_512,openrouter,openrouter/openai/o3-deep-research,openai/o3-deep-research,low,openrouter_reasoning_max_tokens,10,40,40,512,64,measured_usage_with_conservative_buffer:openai,0.26349,0.00329363,openrouter_models_api,
openrouter-openai-o3-deep-research-medium,OpenAI: o3 Deep Research medium_budget_2048,openrouter,openrouter/openai/o3-deep-research,openai/o3-deep-research,medium,openrouter_reasoning_max_tokens,10,40,40,2048,96,measured_usage_with_conservative_buffer:openai,0.36589,0.00457362,openrouter_models_api,
openrouter-openai-o3-deep-research-high,OpenAI: o3 Deep Research high_budget_8192,openrouter,openrouter/openai/o3-deep-research,openai/o3-deep-research,high,openrouter_reasoning_max_tokens,10,40,40,8192,160,measured_usage_with_conservative_buffer:openai,0.57069,0.00713363,openrouter_models_api,
openrouter-openai-o4-mini-deep-research-low,OpenAI: o4 Mini Deep Research low_budget_512,openrouter,openrouter/openai/o4-mini-deep-research,openai/o4-mini-deep-research,low,openrouter_reasoning_max_tokens,2,8,8,512,64,measured_usage_with_conservative_buffer:openai,0.052698,0.00065872,openrouter_models_api,
openrouter-openai-o4-mini-deep-research-medium,OpenAI: o4 Mini Deep Research medium_budget_2048,openrouter,openrouter/openai/o4-mini-deep-research,openai/o4-mini-deep-research,medium,openrouter_reasoning_max_tokens,2,8,8,2048,96,measured_usage_with_conservative_buffer:openai,0.073178,0.00091473,openrouter_models_api,
openrouter-openai-o4-mini-deep-research-high,OpenAI: o4 Mini Deep Research high_budget_8192,openrouter,openrouter/openai/o4-mini-deep-research,openai/o4-mini-deep-research,high,openrouter_reasoning_max_tokens,2,8,8,8192,160,measured_usage_with_conservative_buffer:openai,0.114138,0.00142672,openrouter_models_api,
openrouter-anthropic-claude-opus-4-8-low,Anthropic: Claude Opus 4.8 low_budget_512,openrouter,openrouter/anthropic/claude-opus-4.8,anthropic/claude-opus-4.8,low,openrouter_reasoning_max_tokens,5,25,25,512,16,measured_usage_with_conservative_buffer:anthropic,0.064545,0.00080681,openrouter_models_api,
openrouter-anthropic-claude-opus-4-8-medium,Anthropic: Claude Opus 4.8 medium_budget_2048,openrouter,openrouter/anthropic/claude-opus-4.8,anthropic/claude-opus-4.8,medium,openrouter_reasoning_max_tokens,5,25,25,2048,48,measured_usage_with_conservative_buffer:anthropic,0.128545,0.00160681,openrouter_models_api,
openrouter-anthropic-claude-opus-4-8-high,Anthropic: Claude Opus 4.8 high_budget_8192,openrouter,openrouter/anthropic/claude-opus-4.8,anthropic/claude-opus-4.8,high,openrouter_reasoning_max_tokens,5,25,25,8192,128,measured_usage_with_conservative_buffer:anthropic,0.288545,0.00360681,openrouter_models_api,
openrouter-anthropic-claude-opus-4-7-low,Anthropic: Claude Opus 4.7 low_budget_512,openrouter,openrouter/anthropic/claude-opus-4.7,anthropic/claude-opus-4.7,low,openrouter_reasoning_max_tokens,5,25,25,512,16,measured_usage_with_conservative_buffer:anthropic,0.064545,0.00080681,openrouter_models_api,
openrouter-anthropic-claude-opus-4-7-medium,Anthropic: Claude Opus 4.7 medium_budget_2048,openrouter,openrouter/anthropic/claude-opus-4.7,anthropic/claude-opus-4.7,medium,openrouter_reasoning_max_tokens,5,25,25,2048,48,measured_usage_with_conservative_buffer:anthropic,0.128545,0.00160681,openrouter_models_api,
openrouter-anthropic-claude-opus-4-7-high,Anthropic: Claude Opus 4.7 high_budget_8192,openrouter,openrouter/anthropic/claude-opus-4.7,anthropic/claude-opus-4.7,high,openrouter_reasoning_max_tokens,5,25,25,8192,128,measured_usage_with_conservative_buffer:anthropic,0.288545,0.00360681,openrouter_models_api,
openrouter-anthropic-claude-sonnet-4-6-low,Anthropic: Claude Sonnet 4.6 low_budget_512,openrouter,openrouter/anthropic/claude-sonnet-4.6,anthropic/claude-sonnet-4.6,low,openrouter_reasoning_max_tokens,3,15,15,512,16,measured_usage_with_conservative_buffer:anthropic,0.038727,0.00048409,openrouter_models_api,
openrouter-anthropic-claude-sonnet-4-6-medium,Anthropic: Claude Sonnet 4.6 medium_budget_2048,openrouter,openrouter/anthropic/claude-sonnet-4.6,anthropic/claude-sonnet-4.6,medium,openrouter_reasoning_max_tokens,3,15,15,2048,48,measured_usage_with_conservative_buffer:anthropic,0.077127,0.00096409,openrouter_models_api,
openrouter-anthropic-claude-sonnet-4-6-high,Anthropic: Claude Sonnet 4.6 high_budget_8192,openrouter,openrouter/anthropic/claude-sonnet-4.6,anthropic/claude-sonnet-4.6,high,openrouter_reasoning_max_tokens,3,15,15,8192,128,measured_usage_with_conservative_buffer:anthropic,0.173127,0.00216409,openrouter_models_api,
openrouter-anthropic-claude-opus-4-6-low,Anthropic: Claude Opus 4.6 low_budget_512,openrouter,openrouter/anthropic/claude-opus-4.6,anthropic/claude-opus-4.6,low,openrouter_reasoning_max_tokens,5,25,25,512,16,measured_usage_with_conservative_buffer:anthropic,0.064545,0.00080681,openrouter_models_api,
openrouter-anthropic-claude-opus-4-6-medium,Anthropic: Claude Opus 4.6 medium_budget_2048,openrouter,openrouter/anthropic/claude-opus-4.6,anthropic/claude-opus-4.6,medium,openrouter_reasoning_max_tokens,5,25,25,2048,48,measured_usage_with_conservative_buffer:anthropic,0.128545,0.00160681,openrouter_models_api,
openrouter-anthropic-claude-opus-4-6-high,Anthropic: Claude Opus 4.6 high_budget_8192,openrouter,openrouter/anthropic/claude-opus-4.6,anthropic/claude-opus-4.6,high,openrouter_reasoning_max_tokens,5,25,25,8192,128,measured_usage_with_conservative_buffer:anthropic,0.288545,0.00360681,openrouter_models_api,
openrouter-anthropic-claude-opus-4-5-low,Anthropic: Claude Opus 4.5 low_budget_512,openrouter,openrouter/anthropic/claude-opus-4.5,anthropic/claude-opus-4.5,low,openrouter_reasoning_max_tokens,5,25,25,512,16,measured_usage_with_conservative_buffer:anthropic,0.064545,0.00080681,openrouter_models_api,
openrouter-anthropic-claude-opus-4-5-medium,Anthropic: Claude Opus 4.5 medium_budget_2048,openrouter,openrouter/anthropic/claude-opus-4.5,anthropic/claude-opus-4.5,medium,openrouter_reasoning_max_tokens,5,25,25,2048,48,measured_usage_with_conservative_buffer:anthropic,0.128545,0.00160681,openrouter_models_api,
openrouter-anthropic-claude-opus-4-5-high,Anthropic: Claude Opus 4.5 high_budget_8192,openrouter,openrouter/anthropic/claude-opus-4.5,anthropic/claude-opus-4.5,high,openrouter_reasoning_max_tokens,5,25,25,8192,128,measured_usage_with_conservative_buffer:anthropic,0.288545,0.00360681,openrouter_models_api,
openrouter-anthropic-claude-sonnet-4-5-low,Anthropic: Claude Sonnet 4.5 low_budget_512,openrouter,openrouter/anthropic/claude-sonnet-4.5,anthropic/claude-sonnet-4.5,low,openrouter_reasoning_max_tokens,3,15,15,512,16,measured_usage_with_conservative_buffer:anthropic,0.038727,0.00048409,openrouter_models_api,
openrouter-anthropic-claude-sonnet-4-5-medium,Anthropic: Claude Sonnet 4.5 medium_budget_2048,openrouter,openrouter/anthropic/claude-sonnet-4.5,anthropic/claude-sonnet-4.5,medium,openrouter_reasoning_max_tokens,3,15,15,2048,48,measured_usage_with_conservative_buffer:anthropic,0.077127,0.00096409,openrouter_models_api,
openrouter-anthropic-claude-sonnet-4-5-high,Anthropic: Claude Sonnet 4.5 high_budget_8192,openrouter,openrouter/anthropic/claude-sonnet-4.5,anthropic/claude-sonnet-4.5,high,openrouter_reasoning_max_tokens,3,15,15,8192,128,measured_usage_with_conservative_buffer:anthropic,0.173127,0.00216409,openrouter_models_api,
openrouter-anthropic-claude-opus-4-1-low,Anthropic: Claude Opus 4.1 low_budget_512,openrouter,openrouter/anthropic/claude-opus-4.1,anthropic/claude-opus-4.1,low,openrouter_reasoning_max_tokens,15,75,75,512,16,measured_usage_with_conservative_buffer:anthropic,0.193635,0.00242044,openrouter_models_api,
openrouter-anthropic-claude-opus-4-1-medium,Anthropic: Claude Opus 4.1 medium_budget_2048,openrouter,openrouter/anthropic/claude-opus-4.1,anthropic/claude-opus-4.1,medium,openrouter_reasoning_max_tokens,15,75,75,2048,48,measured_usage_with_conservative_buffer:anthropic,0.385635,0.00482044,openrouter_models_api,
openrouter-anthropic-claude-opus-4-1-high,Anthropic: Claude Opus 4.1 high_budget_8192,openrouter,openrouter/anthropic/claude-opus-4.1,anthropic/claude-opus-4.1,high,openrouter_reasoning_max_tokens,15,75,75,8192,128,measured_usage_with_conservative_buffer:anthropic,0.865635,0.01082044,openrouter_models_api,
openrouter-x-ai-grok-4-3-none,xAI: Grok 4.3 none,openrouter,openrouter/x-ai/grok-4.3,x-ai/grok-4.3,none,openrouter_reasoning_effort,1.25,2.5,2.5,0,0,measured_usage_with_conservative_buffer:grok,0.00573625,0.0000717,openrouter_models_api,
openrouter-x-ai-grok-4-3-low,xAI: Grok 4.3 low,openrouter,openrouter/x-ai/grok-4.3,x-ai/grok-4.3,low,openrouter_reasoning_effort,1.25,2.5,2.5,512,128,measured_usage_with_conservative_buffer:grok,0.03133625,0.0003917,openrouter_models_api,
openrouter-x-ai-grok-4-3-medium,xAI: Grok 4.3 medium,openrouter,openrouter/x-ai/grok-4.3,x-ai/grok-4.3,medium,openrouter_reasoning_effort,1.25,2.5,2.5,2048,256,measured_usage_with_conservative_buffer:grok,0.05693625,0.0007117,openrouter_models_api,
openrouter-x-ai-grok-4-3-high,xAI: Grok 4.3 high,openrouter,openrouter/x-ai/grok-4.3,x-ai/grok-4.3,high,openrouter_reasoning_effort,1.25,2.5,2.5,8192,512,measured_usage_with_conservative_buffer:grok,0.10813625,0.0013517,openrouter_models_api,
openrouter-x-ai-grok-4-3-xhigh,xAI: Grok 4.3 xhigh,openrouter,openrouter/x-ai/grok-4.3,x-ai/grok-4.3,xhigh,openrouter_reasoning_effort,1.25,2.5,2.5,16384,1024,measured_usage_with_conservative_buffer:grok,0.21053625,0.0026317,openrouter_models_api,
openrouter-x-ai-grok-4-20-multi-agent-low,xAI: Grok 4.20 Multi-Agent low,openrouter,openrouter/x-ai/grok-4.20-multi-agent,x-ai/grok-4.20-multi-agent,low,openrouter_reasoning_effort,2,6,6,512,128,measured_usage_with_conservative_buffer:grok,0.071898,0.00089873,openrouter_models_api,
openrouter-x-ai-grok-4-20-multi-agent-medium,xAI: Grok 4.20 Multi-Agent medium,openrouter,openrouter/x-ai/grok-4.20-multi-agent,x-ai/grok-4.20-multi-agent,medium,openrouter_reasoning_effort,2,6,6,2048,256,measured_usage_with_conservative_buffer:grok,0.133338,0.00166673,openrouter_models_api,
openrouter-x-ai-grok-4-20-multi-agent-high,xAI: Grok 4.20 Multi-Agent high,openrouter,openrouter/x-ai/grok-4.20-multi-agent,x-ai/grok-4.20-multi-agent,high,openrouter_reasoning_effort,2,6,6,8192,512,measured_usage_with_conservative_buffer:grok,0.256218,0.00320273,openrouter_models_api,
openrouter-x-ai-grok-4-20-multi-agent-xhigh,xAI: Grok 4.20 Multi-Agent xhigh,openrouter,openrouter/x-ai/grok-4.20-multi-agent,x-ai/grok-4.20-multi-agent,xhigh,openrouter_reasoning_effort,2,6,6,16384,1024,measured_usage_with_conservative_buffer:grok,0.501978,0.00627473,openrouter_models_api,
openrouter-x-ai-grok-4-20-low,xAI: Grok 4.20 low_budget_512,openrouter,openrouter/x-ai/grok-4.20,x-ai/grok-4.20,low,openrouter_reasoning_max_tokens,1.25,2.5,2.5,512,128,measured_usage_with_conservative_buffer:grok,0.03133625,0.0003917,openrouter_models_api,
openrouter-x-ai-grok-4-20-medium,xAI: Grok 4.20 medium_budget_2048,openrouter,openrouter/x-ai/grok-4.20,x-ai/grok-4.20,medium,openrouter_reasoning_max_tokens,1.25,2.5,2.5,2048,256,measured_usage_with_conservative_buffer:grok,0.05693625,0.0007117,openrouter_models_api,
openrouter-x-ai-grok-4-20-high,xAI: Grok 4.20 high_budget_8192,openrouter,openrouter/x-ai/grok-4.20,x-ai/grok-4.20,high,openrouter_reasoning_max_tokens,1.25,2.5,2.5,8192,512,measured_usage_with_conservative_buffer:grok,0.10813625,0.0013517,openrouter_models_api,
openrouter-google-gemini-3-5-flash-minimal,Google: Gemini 3.5 Flash minimal,openrouter,openrouter/google/gemini-3.5-flash,google/gemini-3.5-flash,minimal,openrouter_reasoning_effort,1.5,9,9,64,32,measured_usage_with_conservative_buffer:gemini,0.0337635,0.00042204,openrouter_models_api,
openrouter-google-gemini-3-5-flash-low,Google: Gemini 3.5 Flash low,openrouter,openrouter/google/gemini-3.5-flash,google/gemini-3.5-flash,low,openrouter_reasoning_effort,1.5,9,9,512,64,measured_usage_with_conservative_buffer:gemini,0.0568035,0.00071004,openrouter_models_api,
openrouter-google-gemini-3-5-flash-medium,Google: Gemini 3.5 Flash medium,openrouter,openrouter/google/gemini-3.5-flash,google/gemini-3.5-flash,medium,openrouter_reasoning_effort,1.5,9,9,2048,192,measured_usage_with_conservative_buffer:gemini,0.1489635,0.00186204,openrouter_models_api,
openrouter-google-gemini-3-5-flash-high,Google: Gemini 3.5 Flash high,openrouter,openrouter/google/gemini-3.5-flash,google/gemini-3.5-flash,high,openrouter_reasoning_effort,1.5,9,9,8192,384,measured_usage_with_conservative_buffer:gemini,0.2872035,0.00359004,openrouter_models_api,
openrouter-google-gemini-3-1-flash-lite-minimal,Google: Gemini 3.1 Flash Lite minimal,openrouter,openrouter/google/gemini-3.1-flash-lite,google/gemini-3.1-flash-lite,minimal,openrouter_reasoning_effort,0.25,1.5,1.5,64,32,measured_usage_with_conservative_buffer:gemini,0.00562725,0.00007034,openrouter_models_api,
openrouter-google-gemini-3-1-flash-lite-low,Google: Gemini 3.1 Flash Lite low,openrouter,openrouter/google/gemini-3.1-flash-lite,google/gemini-3.1-flash-lite,low,openrouter_reasoning_effort,0.25,1.5,1.5,512,64,measured_usage_with_conservative_buffer:gemini,0.00946725,0.00011834,openrouter_models_api,
openrouter-google-gemini-3-1-flash-lite-medium,Google: Gemini 3.1 Flash Lite medium,openrouter,openrouter/google/gemini-3.1-flash-lite,google/gemini-3.1-flash-lite,medium,openrouter_reasoning_effort,0.25,1.5,1.5,2048,192,measured_usage_with_conservative_buffer:gemini,0.02482725,0.00031034,openrouter_models_api,
openrouter-google-gemini-3-1-flash-lite-high,Google: Gemini 3.1 Flash Lite high,openrouter,openrouter/google/gemini-3.1-flash-lite,google/gemini-3.1-flash-lite,high,openrouter_reasoning_effort,0.25,1.5,1.5,8192,384,measured_usage_with_conservative_buffer:gemini,0.04786725,0.00059834,openrouter_models_api,
openrouter-google-gemini-3-1-flash-lite-preview-minimal,Google: Gemini 3.1 Flash Lite Preview minimal,openrouter,openrouter/google/gemini-3.1-flash-lite-preview,google/gemini-3.1-flash-lite-preview,minimal,openrouter_reasoning_effort,0.25,1.5,1.5,64,32,measured_usage_with_conservative_buffer:gemini,0.00562725,0.00007034,openrouter_models_api,
openrouter-google-gemini-3-1-flash-lite-preview-low,Google: Gemini 3.1 Flash Lite Preview low,openrouter,openrouter/google/gemini-3.1-flash-lite-preview,google/gemini-3.1-flash-lite-preview,low,openrouter_reasoning_effort,0.25,1.5,1.5,512,64,measured_usage_with_conservative_buffer:gemini,0.00946725,0.00011834,openrouter_models_api,
openrouter-google-gemini-3-1-flash-lite-preview-medium,Google: Gemini 3.1 Flash Lite Preview medium,openrouter,openrouter/google/gemini-3.1-flash-lite-preview,google/gemini-3.1-flash-lite-preview,medium,openrouter_reasoning_effort,0.25,1.5,1.5,2048,192,measured_usage_with_conservative_buffer:gemini,0.02482725,0.00031034,openrouter_models_api,
openrouter-google-gemini-3-1-flash-lite-preview-high,Google: Gemini 3.1 Flash Lite Preview high,openrouter,openrouter/google/gemini-3.1-flash-lite-preview,google/gemini-3.1-flash-lite-preview,high,openrouter_reasoning_effort,0.25,1.5,1.5,8192,384,measured_usage_with_conservative_buffer:gemini,0.04786725,0.00059834,openrouter_models_api,
openrouter-google-gemini-3-1-flash-image-preview-minimal,Google: Nano Banana 2 (Gemini 3.1 Flash Image Preview) minimal,openrouter,openrouter/google/gemini-3.1-flash-image-preview,google/gemini-3.1-flash-image-preview,minimal,openrouter_reasoning_effort,0.5,3,3,64,32,measured_usage_with_conservative_buffer:gemini,0.0112545,0.00014068,openrouter_models_api,
openrouter-google-gemini-3-1-flash-image-preview-low,Google: Nano Banana 2 (Gemini 3.1 Flash Image Preview) low,openrouter,openrouter/google/gemini-3.1-flash-image-preview,google/gemini-3.1-flash-image-preview,low,openrouter_reasoning_effort,0.5,3,3,512,64,measured_usage_with_conservative_buffer:gemini,0.0189345,0.00023668,openrouter_models_api,
openrouter-google-gemini-3-1-flash-image-preview-medium,Google: Nano Banana 2 (Gemini 3.1 Flash Image Preview) medium,openrouter,openrouter/google/gemini-3.1-flash-image-preview,google/gemini-3.1-flash-image-preview,medium,openrouter_reasoning_effort,0.5,3,3,2048,192,measured_usage_with_conservative_buffer:gemini,0.0496545,0.00062068,openrouter_models_api,
openrouter-google-gemini-3-1-flash-image-preview-high,Google: Nano Banana 2 (Gemini 3.1 Flash Image Preview) high,openrouter,openrouter/google/gemini-3.1-flash-image-preview,google/gemini-3.1-flash-image-preview,high,openrouter_reasoning_effort,0.5,3,3,8192,384,measured_usage_with_conservative_buffer:gemini,0.0957345,0.00119668,openrouter_models_api,
openrouter-google-gemini-3-1-pro-preview-customtools-low,Google: Gemini 3.1 Pro Preview Custom Tools low,openrouter,openrouter/google/gemini-3.1-pro-preview-customtools,google/gemini-3.1-pro-preview-customtools,low,openrouter_reasoning_effort,2,12,12,512,64,measured_usage_with_conservative_buffer:gemini,0.075738,0.00094673,openrouter_models_api,
openrouter-google-gemini-3-1-pro-preview-customtools-high,Google: Gemini 3.1 Pro Preview Custom Tools high,openrouter,openrouter/google/gemini-3.1-pro-preview-customtools,google/gemini-3.1-pro-preview-customtools,high,openrouter_reasoning_effort,2,12,12,8192,384,measured_usage_with_conservative_buffer:gemini,0.382938,0.00478673,openrouter_models_api,
openrouter-moonshotai-kimi-k2-6-free-low,MoonshotAI: Kimi K2.6 (free) low_budget_512,openrouter,openrouter/moonshotai/kimi-k2.6:free,moonshotai/kimi-k2.6:free,low,openrouter_reasoning_max_tokens,0,0,0,512,64,measured_usage_with_conservative_buffer:openrouter_generic,0,0,openrouter_models_api,
openrouter-moonshotai-kimi-k2-6-free-medium,MoonshotAI: Kimi K2.6 (free) medium_budget_2048,openrouter,openrouter/moonshotai/kimi-k2.6:free,moonshotai/kimi-k2.6:free,medium,openrouter_reasoning_max_tokens,0,0,0,2048,128,measured_usage_with_conservative_buffer:openrouter_generic,0,0,openrouter_models_api,
openrouter-moonshotai-kimi-k2-6-free-high,MoonshotAI: Kimi K2.6 (free) high_budget_8192,openrouter,openrouter/moonshotai/kimi-k2.6:free,moonshotai/kimi-k2.6:free,high,openrouter_reasoning_max_tokens,0,0,0,8192,256,measured_usage_with_conservative_buffer:openrouter_generic,0,0,openrouter_models_api,
openrouter-z-ai-glm-4-5-air-free-low,Z.ai: GLM 4.5 Air (free) low_budget_512,openrouter,openrouter/z-ai/glm-4.5-air:free,z-ai/glm-4.5-air:free,low,openrouter_reasoning_max_tokens,0,0,0,512,64,measured_usage_with_conservative_buffer:openrouter_generic,0,0,openrouter_models_api,
openrouter-z-ai-glm-4-5-air-free-medium,Z.ai: GLM 4.5 Air (free) medium_budget_2048,openrouter,openrouter/z-ai/glm-4.5-air:free,z-ai/glm-4.5-air:free,medium,openrouter_reasoning_max_tokens,0,0,0,2048,128,measured_usage_with_conservative_buffer:openrouter_generic,0,0,openrouter_models_api,
openrouter-z-ai-glm-4-5-air-free-high,Z.ai: GLM 4.5 Air (free) high_budget_8192,openrouter,openrouter/z-ai/glm-4.5-air:free,z-ai/glm-4.5-air:free,high,openrouter_reasoning_max_tokens,0,0,0,8192,256,measured_usage_with_conservative_buffer:openrouter_generic,0,0,openrouter_models_api,
openrouter-qwen-qwen3-7-max-low,Qwen: Qwen3.7 Max low_budget_512,openrouter,openrouter/qwen/qwen3.7-max,qwen/qwen3.7-max,low,openrouter_reasoning_max_tokens,1.25,3.75,3.75,512,64,measured_usage_with_conservative_buffer:openrouter_generic,0.02573625,0.0003217,openrouter_models_api,
openrouter-qwen-qwen3-7-max-medium,Qwen: Qwen3.7 Max medium_budget_2048,openrouter,openrouter/qwen/qwen3.7-max,qwen/qwen3.7-max,medium,openrouter_reasoning_max_tokens,1.25,3.75,3.75,2048,128,measured_usage_with_conservative_buffer:openrouter_generic,0.04493625,0.0005617,openrouter_models_api,
openrouter-qwen-qwen3-7-max-high,Qwen: Qwen3.7 Max high_budget_8192,openrouter,openrouter/qwen/qwen3.7-max,qwen/qwen3.7-max,high,openrouter_reasoning_max_tokens,1.25,3.75,3.75,8192,256,measured_usage_with_conservative_buffer:openrouter_generic,0.08333625,0.0010417,openrouter_models_api,
openrouter-qwen-qwen3-5-plus-20260420-low,Qwen: Qwen3.5 Plus 2026-04-20 low_budget_512,openrouter,openrouter/qwen/qwen3.5-plus-20260420,qwen/qwen3.5-plus-20260420,low,openrouter_reasoning_max_tokens,0.3,1.8,1.8,512,64,measured_usage_with_conservative_buffer:openrouter_generic,0.0113607,0.00014201,openrouter_models_api,
openrouter-qwen-qwen3-5-plus-20260420-medium,Qwen: Qwen3.5 Plus 2026-04-20 medium_budget_2048,openrouter,openrouter/qwen/qwen3.5-plus-20260420,qwen/qwen3.5-plus-20260420,medium,openrouter_reasoning_max_tokens,0.3,1.8,1.8,2048,128,measured_usage_with_conservative_buffer:openrouter_generic,0.0205767,0.00025721,openrouter_models_api,
openrouter-qwen-qwen3-5-plus-20260420-high,Qwen: Qwen3.5 Plus 2026-04-20 high_budget_8192,openrouter,openrouter/qwen/qwen3.5-plus-20260420,qwen/qwen3.5-plus-20260420,high,openrouter_reasoning_max_tokens,0.3,1.8,1.8,8192,256,measured_usage_with_conservative_buffer:openrouter_generic,0.0390087,0.00048761,openrouter_models_api,
openrouter-qwen-qwen3-6-flash-low,Qwen: Qwen3.6 Flash low_budget_512,openrouter,openrouter/qwen/qwen3.6-flash,qwen/qwen3.6-flash,low,openrouter_reasoning_max_tokens,0.1875,1.125,1.125,512,64,measured_usage_with_conservative_buffer:openrouter_generic,0.00710044,0.00008876,openrouter_models_api,
openrouter-qwen-qwen3-6-flash-medium,Qwen: Qwen3.6 Flash medium_budget_2048,openrouter,openrouter/qwen/qwen3.6-flash,qwen/qwen3.6-flash,medium,openrouter_reasoning_max_tokens,0.1875,1.125,1.125,2048,128,measured_usage_with_conservative_buffer:openrouter_generic,0.01286044,0.00016076,openrouter_models_api,
openrouter-qwen-qwen3-6-flash-high,Qwen: Qwen3.6 Flash high_budget_8192,openrouter,openrouter/qwen/qwen3.6-flash,qwen/qwen3.6-flash,high,openrouter_reasoning_max_tokens,0.1875,1.125,1.125,8192,256,measured_usage_with_conservative_buffer:openrouter_generic,0.02438044,0.00030476,openrouter_models_api,
openrouter-qwen-qwen3-6-35b-a3b-low,Qwen: Qwen3.6 35B A3B low_budget_512,openrouter,openrouter/qwen/qwen3.6-35b-a3b,qwen/qwen3.6-35b-a3b,low,openrouter_reasoning_max_tokens,0.14,1,1,512,64,measured_usage_with_conservative_buffer:openrouter_generic,0.00622326,0.00007779,openrouter_models_api,
openrouter-qwen-qwen3-6-35b-a3b-medium,Qwen: Qwen3.6 35B A3B medium_budget_2048,openrouter,openrouter/qwen/qwen3.6-35b-a3b,qwen/qwen3.6-35b-a3b,medium,openrouter_reasoning_max_tokens,0.14,1,1,2048,128,measured_usage_with_conservative_buffer:openrouter_generic,0.01134326,0.00014179,openrouter_models_api,
openrouter-qwen-qwen3-6-35b-a3b-high,Qwen: Qwen3.6 35B A3B high_budget_8192,openrouter,openrouter/qwen/qwen3.6-35b-a3b,qwen/qwen3.6-35b-a3b,high,openrouter_reasoning_max_tokens,0.14,1,1,8192,256,measured_usage_with_conservative_buffer:openrouter_generic,0.02158326,0.00026979,openrouter_models_api,
openrouter-deepseek-deepseek-r1-0528-low,DeepSeek: R1 0528 low_budget_512,openrouter,openrouter/deepseek/deepseek-r1-0528,deepseek/deepseek-r1-0528,low,openrouter_reasoning_max_tokens,0.5,2.15,2.15,512,128,measured_usage_with_conservative_buffer:openrouter_deepseek,0.0250465,0.00031308,openrouter_models_api,
openrouter-deepseek-deepseek-r1-0528-medium,DeepSeek: R1 0528 medium_budget_2048,openrouter,openrouter/deepseek/deepseek-r1-0528,deepseek/deepseek-r1-0528,medium,openrouter_reasoning_max_tokens,0.5,2.15,2.15,2048,384,measured_usage_with_conservative_buffer:openrouter_deepseek,0.0690785,0.00086348,openrouter_models_api,
openrouter-deepseek-deepseek-r1-0528-high,DeepSeek: R1 0528 high_budget_8192,openrouter,openrouter/deepseek/deepseek-r1-0528,deepseek/deepseek-r1-0528,high,openrouter_reasoning_max_tokens,0.5,2.15,2.15,8192,1024,measured_usage_with_conservative_buffer:openrouter_deepseek,0.1791585,0.00223948,openrouter_models_api,
openrouter-deepseek-deepseek-r1-distill-qwen-32b-low,DeepSeek: R1 Distill Qwen 32B low_budget_512,openrouter,openrouter/deepseek/deepseek-r1-distill-qwen-32b,deepseek/deepseek-r1-distill-qwen-32b,low,openrouter_reasoning_max_tokens,0.29,0.29,0.29,512,128,measured_usage_with_conservative_buffer:openrouter_deepseek,0.00411481,0.00005144,openrouter_models_api,
openrouter-deepseek-deepseek-r1-distill-qwen-32b-medium,DeepSeek: R1 Distill Qwen 32B medium_budget_2048,openrouter,openrouter/deepseek/deepseek-r1-distill-qwen-32b,deepseek/deepseek-r1-distill-qwen-32b,medium,openrouter_reasoning_max_tokens,0.29,0.29,0.29,2048,384,measured_usage_with_conservative_buffer:openrouter_deepseek,0.01005401,0.00012568,openrouter_models_api,
openrouter-deepseek-deepseek-r1-distill-qwen-32b-high,DeepSeek: R1 Distill Qwen 32B high_budget_8192,openrouter,openrouter/deepseek/deepseek-r1-distill-qwen-32b,deepseek/deepseek-r1-distill-qwen-32b,high,openrouter_reasoning_max_tokens,0.29,0.29,0.29,8192,1024,measured_usage_with_conservative_buffer:openrouter_deepseek,0.02490201,0.00031128,openrouter_models_api,
openrouter-deepseek-deepseek-r1-distill-llama-70b-low,DeepSeek: R1 Distill Llama 70B low_budget_512,openrouter,openrouter/deepseek/deepseek-r1-distill-llama-70b,deepseek/deepseek-r1-distill-llama-70b,low,openrouter_reasoning_max_tokens,0.7,0.8,0.8,512,128,measured_usage_with_conservative_buffer:openrouter_deepseek,0.0110203,0.00013775,openrouter_models_api,
openrouter-deepseek-deepseek-r1-distill-llama-70b-medium,DeepSeek: R1 Distill Llama 70B medium_budget_2048,openrouter,openrouter/deepseek/deepseek-r1-distill-llama-70b,deepseek/deepseek-r1-distill-llama-70b,medium,openrouter_reasoning_max_tokens,0.7,0.8,0.8,2048,384,measured_usage_with_conservative_buffer:openrouter_deepseek,0.0274043,0.00034255,openrouter_models_api,
openrouter-deepseek-deepseek-r1-distill-llama-70b-high,DeepSeek: R1 Distill Llama 70B high_budget_8192,openrouter,openrouter/deepseek/deepseek-r1-distill-llama-70b,deepseek/deepseek-r1-distill-llama-70b,high,openrouter_reasoning_max_tokens,0.7,0.8,0.8,8192,1024,measured_usage_with_conservative_buffer:openrouter_deepseek,0.0683643,0.00085455,openrouter_models_api,
openrouter-minimax-minimax-m3-low,MiniMax: MiniMax M3 low_budget_512,openrouter,openrouter/minimax/minimax-m3,minimax/minimax-m3,low,openrouter_reasoning_max_tokens,0.3,1.2,1.2,512,64,measured_usage_with_conservative_buffer:openrouter_generic,0.0079047,0.00009881,openrouter_models_api,
openrouter-minimax-minimax-m3-medium,MiniMax: MiniMax M3 medium_budget_2048,openrouter,openrouter/minimax/minimax-m3,minimax/minimax-m3,medium,openrouter_reasoning_max_tokens,0.3,1.2,1.2,2048,128,measured_usage_with_conservative_buffer:openrouter_generic,0.0140487,0.00017561,openrouter_models_api,
openrouter-minimax-minimax-m3-high,MiniMax: MiniMax M3 high_budget_8192,openrouter,openrouter/minimax/minimax-m3,minimax/minimax-m3,high,openrouter_reasoning_max_tokens,0.3,1.2,1.2,8192,256,measured_usage_with_conservative_buffer:openrouter_generic,0.0263367,0.00032921,openrouter_models_api,
